{
	"credit": "Made with Blockbench",
	"ambientocclusion": false,
	"textures": {
		"1": "block/3dmodel/sandbag1",
		"particle": "blocks/3dmodel/sandbag1"
	},
	"elements": [
		{
			"from": [4, 0, 4],
			"to": [9, 4.2, 15],
			"rotation": {"angle": -22.5, "axis": "y", "origin": [8, 8, 11]},
			"faces": {
				"north": {"uv": [0, 2, 4, 6], "texture": "#1"},
				"east": {"uv": [0, 6, 10, 10], "texture": "#1"},
				"south": {"uv": [0, 2, 4, 6], "texture": "#1"},
				"west": {"uv": [0, 6, 10, 10], "texture": "#1"},
				"up": {"uv": [0, 6, 10, 10], "rotation": 90, "texture": "#1"},
				"down": {"uv": [0, 6, 10, 10], "rotation": 90, "texture": "#1"}
			}
		},
		{
			"from": [7, 4, 1],
			"to": [12, 8, 18],
			"faces": {
				"north": {"uv": [0, 2, 4, 6], "texture": "#1"},
				"east": {"uv": [0, 6, 10, 10], "texture": "#1"},
				"south": {"uv": [0, 2, 4, 6], "texture": "#1"},
				"west": {"uv": [0, 6, 10, 10], "texture": "#1"},
				"up": {"uv": [0, 6, 10, 10], "rotation": 90, "texture": "#1"},
				"down": {"uv": [0, 6, 10, 10], "rotation": 90, "texture": "#1"}
			}
		},
		{
			"from": [6, 8, 8],
			"to": [11, 12, 23],
			"faces": {
				"north": {"uv": [0, 2, 4, 6], "texture": "#1"},
				"east": {"uv": [0, 6, 10, 10], "texture": "#1"},
				"south": {"uv": [0, 2, 4, 6], "texture": "#1"},
				"west": {"uv": [0, 6, 10, 10], "texture": "#1"},
				"up": {"uv": [0, 6, 10, 10], "rotation": 90, "texture": "#1"},
				"down": {"uv": [0, 6, 10, 10], "rotation": 90, "texture": "#1"}
			}
		},
		{
			"from": [7, 12, 5],
			"to": [12, 16.2, 16],
			"rotation": {"angle": 22.5, "axis": "y", "origin": [8.5, 6, 11]},
			"faces": {
				"north": {"uv": [0, 2, 4, 6], "texture": "#1"},
				"east": {"uv": [0, 6, 10, 10], "texture": "#1"},
				"south": {"uv": [0, 2, 4, 6], "texture": "#1"},
				"west": {"uv": [0, 6, 10, 10], "texture": "#1"},
				"up": {"uv": [0, 6, 10, 10], "rotation": 90, "texture": "#1"},
				"down": {"uv": [0, 6, 10, 10], "rotation": 90, "texture": "#1"}
			}
		},
		{
			"from": [6, 0, 12],
			"to": [11, 4, 23],
			"faces": {
				"north": {"uv": [0, 2, 4, 6], "texture": "#1"},
				"east": {"uv": [0, 6, 10, 10], "texture": "#1"},
				"south": {"uv": [0, 2, 4, 6], "texture": "#1"},
				"west": {"uv": [0, 6, 10, 10], "texture": "#1"},
				"up": {"uv": [0, 6, 10, 10], "rotation": 90, "texture": "#1"},
				"down": {"uv": [0, 6, 10, 10], "rotation": 90, "texture": "#1"}
			}
		},
		{
			"from": [3, 0, -5],
			"to": [7, 5, 6],
			"faces": {
				"north": {"uv": [0, 2, 4, 6], "texture": "#1"},
				"east": {"uv": [0, 6, 10, 10], "texture": "#1"},
				"south": {"uv": [0, 2, 4, 6], "texture": "#1"},
				"west": {"uv": [0, 6, 10, 10], "texture": "#1"},
				"up": {"uv": [0, 6, 10, 10], "rotation": 90, "texture": "#1"},
				"down": {"uv": [0, 6, 10, 10], "rotation": 90, "texture": "#1"}
			}
		},
		{
			"from": [7, 12, 17],
			"to": [12, 15.5, 27],
			"faces": {
				"north": {"uv": [0, 2, 4, 6], "texture": "#1"},
				"east": {"uv": [0, 6, 10, 10], "texture": "#1"},
				"south": {"uv": [0, 2, 4, 6], "texture": "#1"},
				"west": {"uv": [0, 6, 10, 10], "texture": "#1"},
				"up": {"uv": [0, 6, 10, 10], "rotation": 90, "texture": "#1"},
				"down": {"uv": [2, 4, 7, 14], "rotation": 180, "texture": "#1"}
			}
		}
	]
}