{
	"credit": "Made with Blockbench",
	"ambientocclusion": false,
	"textures": {
		"1": "block/3dmodel/sandbag1"
	},
	"elements": [
		{
			"from": [11, 0, 10],
			"to": [17, 4, 21],
			"faces": {
				"north": {"uv": [0, 2, 4, 6], "texture": "#1"},
				"east": {"uv": [0, 10, 10, 14], "texture": "#1"},
				"south": {"uv": [0, 2, 4, 6], "texture": "#1"},
				"west": {"uv": [0, 10, 10, 14], "texture": "#1"},
				"up": {"uv": [0, 6, 10, 10], "rotation": 90, "texture": "#1"},
				"down": {"uv": [0, 6, 10, 10], "rotation": 90, "texture": "#1"}
			}
		},
		{
			"from": [10, 4, 3],
			"to": [15, 8, 14],
			"faces": {
				"north": {"uv": [0, 2, 4, 6], "texture": "#1"},
				"east": {"uv": [0, 10, 10, 14], "texture": "#1"},
				"south": {"uv": [0, 2, 4, 6], "texture": "#1"},
				"west": {"uv": [0, 10, 10, 14], "texture": "#1"},
				"up": {"uv": [0, 6, 10, 10], "rotation": 90, "texture": "#1"},
				"down": {"uv": [0, 6, 10, 10], "rotation": 90, "texture": "#1"}
			}
		}
	],
	"groups": [
		{
			"name": "brown_stained_glass_pane_side_alt",
			"children": [0, 1]
		}
	]
}