{
	"credit": "Made with Blockbench",
	"textures": {
		"1": "block/3dmodel/barricate_top",
		"3": "block/3dmodel/barricate",
		"particle": "block/3dmodel/barricate_top"
	},
	"elements": [
		{
			"name": "lower_bar",
			"from": [7, -0.92388, 7.5],
			"to": [9, 21.87612, 8.5],
			"faces": {
				"north": {"uv": [1.875, 4, 0, 16], "texture": "#3"},
				"east": {"uv": [1.75, 4, 1.125, 16], "texture": "#3"},
				"south": {"uv": [1.875, 4, 0, 16], "texture": "#3"},
				"west": {"uv": [1.75, 4, 1.125, 16], "texture": "#3"},
				"up": {"uv": [1.875, 0, 0, 2.25], "texture": "#3"}
			}
		},
		{
			"name": "lower_bar",
			"from": [1.13, 21.45, 7.53],
			"to": [2.57, 22.89, 8.47],
			"rotation": {"angle": -45, "axis": "z", "origin": [4.55585, 14.59104, 8]},
			"faces": {
				"north": {"uv": [6.125, 1.625, 4, 3.875], "rotation": 90, "texture": "#3"},
				"east": {"uv": [9, 0, 8, 16], "rotation": 180, "texture": "#missing"},
				"south": {"uv": [6.125, 1.625, 4, 3.875], "texture": "#3"},
				"west": {"uv": [15.875, 0, 0, 15.25], "texture": "#1"},
				"up": {"uv": [15.875, 0, 0, 15.25], "texture": "#1"}
			}
		}
	],
	"groups": [
		{
			"name": "dark_oak_fence_side",
			"children": [
				{
					"name": "birch_fence_post",
					"children": []
				}, 0, 1]
		}
	]
}