{
	"credit": "Made with Blockbench",
	"textures": {
		"3": "block/3dmodel/barricate",
		"5": "block/3dmodel/dirt_remove2",
		"7": "block/3dmodel/barricate_top",
		"8": "block/3dmodel/lee1"
	},
	"elements": [
		{
			"name": "lower_bar",
			"from": [7.25, 9, 0],
			"to": [8.75, 11, 8],
			"faces": {
				"east": {"uv": [0, 0, 8, 2], "rotation": 90, "texture": "#8"},
				"west": {"uv": [0, 0, 8, 2], "rotation": 90, "texture": "#8"},
				"up": {"uv": [0, 0, 1.5, 8], "texture": "#8"},
				"down": {"uv": [0, 0, 1.5, 8], "texture": "#8"}
			}
		},
		{
			"from": [8, 0, 0],
			"to": [12, 0.5, 4],
			"faces": {
				"north": {"uv": [0, 0, 4, 0.5], "texture": "#5"},
				"east": {"uv": [0, 0, 4, 0.5], "texture": "#5"},
				"south": {"uv": [0, 0, 4, 0.5], "texture": "#5"},
				"west": {"uv": [0, 0, 4, 0.5], "texture": "#5"},
				"up": {"uv": [5.5, 6, 9.5, 10], "texture": "#5"},
				"down": {"uv": [5.5, 6, 9.5, 10], "texture": "#5"}
			}
		},
		{
			"from": [7, 0, 2],
			"to": [10, 0.6, 5],
			"faces": {
				"north": {"uv": [0, 0, 4, 0.5], "texture": "#5"},
				"east": {"uv": [0, 0, 4, 0.5], "texture": "#5"},
				"south": {"uv": [0, 0, 4, 0.5], "texture": "#5"},
				"west": {"uv": [0, 0, 4, 0.5], "texture": "#5"},
				"up": {"uv": [5.5, 6, 9.5, 10], "texture": "#5"},
				"down": {"uv": [5.5, 6, 9.5, 10], "texture": "#5"}
			}
		},
		{
			"from": [5, 0, 1],
			"to": [7, 1.5, 3],
			"faces": {
				"north": {"uv": [0, 0, 4, 0.5], "texture": "#5"},
				"east": {"uv": [0, 0, 4, 0.5], "texture": "#5"},
				"south": {"uv": [0, 0, 4, 0.5], "texture": "#5"},
				"west": {"uv": [0, 0, 4, 0.5], "texture": "#5"},
				"up": {"uv": [5.5, 6, 9.5, 10], "texture": "#5"},
				"down": {"uv": [5.5, 6, 9.5, 10], "texture": "#5"}
			}
		},
		{
			"from": [9, 0, 4],
			"to": [11, 0.8, 8],
			"faces": {
				"north": {"uv": [0, 0, 4, 0.5], "texture": "#5"},
				"east": {"uv": [0, 0, 4, 0.5], "texture": "#5"},
				"south": {"uv": [0, 0, 4, 0.5], "texture": "#5"},
				"west": {"uv": [0, 0, 4, 0.5], "texture": "#5"},
				"up": {"uv": [5.5, 6, 9.5, 10], "texture": "#5"},
				"down": {"uv": [5.5, 6, 9.5, 10], "texture": "#5"}
			}
		},
		{
			"from": [11, 0, 4],
			"to": [13, 1.2, 7],
			"faces": {
				"north": {"uv": [0, 0, 4, 0.5], "texture": "#5"},
				"east": {"uv": [0, 0, 4, 0.5], "texture": "#5"},
				"south": {"uv": [0, 0, 4, 0.5], "texture": "#5"},
				"west": {"uv": [0, 0, 4, 0.5], "texture": "#5"},
				"up": {"uv": [5.5, 6, 9.5, 10], "texture": "#5"},
				"down": {"uv": [5.5, 6, 9.5, 10], "texture": "#5"}
			}
		},
		{
			"from": [6.1, 0.1, 4.9],
			"to": [8.1, 1, 7.9],
			"faces": {
				"north": {"uv": [0, 0, 4, 0.5], "texture": "#5"},
				"east": {"uv": [0, 0, 4, 0.5], "texture": "#5"},
				"south": {"uv": [0, 0, 4, 0.5], "texture": "#5"},
				"west": {"uv": [0, 0, 4, 0.5], "texture": "#5"},
				"up": {"uv": [5.5, 6, 9.5, 10], "texture": "#5"},
				"down": {"uv": [5.5, 6, 9.5, 10], "texture": "#5"}
			}
		},
		{
			"from": [4, 0, 4],
			"to": [6, 0.3, 6],
			"faces": {
				"north": {"uv": [0, 0, 4, 0.5], "texture": "#5"},
				"east": {"uv": [0, 0, 4, 0.5], "texture": "#5"},
				"south": {"uv": [0, 0, 4, 0.5], "texture": "#5"},
				"west": {"uv": [0, 0, 4, 0.5], "texture": "#5"},
				"up": {"uv": [5.5, 6, 9.5, 10], "texture": "#5"},
				"down": {"uv": [5.5, 6, 9.5, 10], "texture": "#5"}
			}
		},
		{
			"from": [3, 0, 1],
			"to": [5, 0.4, 3],
			"faces": {
				"north": {"uv": [0, 0, 4, 0.5], "texture": "#5"},
				"east": {"uv": [0, 0, 4, 0.5], "texture": "#5"},
				"south": {"uv": [0, 0, 4, 0.5], "texture": "#5"},
				"west": {"uv": [0, 0, 4, 0.5], "texture": "#5"},
				"up": {"uv": [5.5, 6, 9.5, 10], "texture": "#5"},
				"down": {"uv": [5.5, 6, 9.5, 10], "texture": "#5"}
			}
		},
		{
			"from": [13, 0, 1],
			"to": [15, 0.2, 3],
			"faces": {
				"north": {"uv": [0, 0, 4, 0.5], "texture": "#5"},
				"east": {"uv": [0, 0, 4, 0.5], "texture": "#5"},
				"south": {"uv": [0, 0, 4, 0.5], "texture": "#5"},
				"west": {"uv": [0, 0, 4, 0.5], "texture": "#5"},
				"up": {"uv": [5.5, 6, 9.5, 10], "texture": "#5"},
				"down": {"uv": [5.5, 6, 9.5, 10], "texture": "#5"}
			}
		},
		{
			"name": "lower_bar",
			"from": [7, -0.92388, 5.5],
			"to": [9, 20.47612, 6.5],
			"rotation": {"angle": -22.5, "axis": "z", "origin": [8, 6.27612, 8]},
			"faces": {
				"north": {"uv": [1.875, 4, 0, 16], "texture": "#3"},
				"east": {"uv": [1.75, 4, 1.125, 16], "texture": "#3"},
				"south": {"uv": [1.875, 4, 0, 16], "texture": "#3"},
				"west": {"uv": [1.75, 4, 1.125, 16], "texture": "#3"},
				"up": {"uv": [1.875, 0, 0, 2.25], "texture": "#3"}
			}
		},
		{
			"name": "lower_bar",
			"from": [14.63, 15.08, 5.53],
			"to": [16.07, 16.52, 6.47],
			"rotation": {"angle": 22.5, "axis": "z", "origin": [5.25743, 12.90302, 4]},
			"faces": {
				"north": {"uv": [6.125, 1.625, 4, 3.875], "texture": "#3"},
				"east": {"uv": [0, 0, 16, 15.5], "texture": "#7"},
				"south": {"uv": [6.125, 1.625, 4, 3.875], "texture": "#3"},
				"west": {"uv": [1.875, 0, 0, 2.25], "texture": "#3"},
				"up": {"uv": [0, 0, 16, 15.5], "texture": "#7"},
				"down": {"uv": [1.875, 0, 0, 2.25], "texture": "#3"}
			}
		},
		{
			"name": "lower_bar",
			"from": [-0.87, 18.58, 3.03],
			"to": [0.57, 20.02, 3.97],
			"rotation": {"angle": -22.5, "axis": "z", "origin": [4.55585, 14.59104, 3]},
			"faces": {
				"north": {"uv": [6.125, 1.625, 4, 3.875], "texture": "#3"},
				"east": {"uv": [1.875, 0, 0, 2.25], "texture": "#3"},
				"south": {"uv": [6.125, 1.625, 4, 3.875], "texture": "#3"},
				"west": {"uv": [0, 0, 16, 15.5], "texture": "#7"},
				"up": {"uv": [0, 0, 16, 15.5], "texture": "#7"},
				"down": {"uv": [1.875, 0, 0, 2.25], "texture": "#3"}
			}
		},
		{
			"name": "lower_bar",
			"from": [7, -0.92388, 3],
			"to": [9, 21.87612, 4],
			"rotation": {"angle": 22.5, "axis": "z", "origin": [8, 6.27612, 3]},
			"faces": {
				"north": {"uv": [1.875, 4, 0, 16], "texture": "#3"},
				"east": {"uv": [1.75, 4, 1.125, 16], "texture": "#3"},
				"south": {"uv": [1.875, 4, 0, 16], "texture": "#3"},
				"west": {"uv": [1.75, 4, 1.125, 16], "texture": "#3"},
				"up": {"uv": [1.875, 0, 0, 2.25], "texture": "#3"}
			}
		},
		{
			"name": "lower_bar",
			"from": [14.63, 15.08, 0.53],
			"to": [16.07, 16.52, 1.47],
			"rotation": {"angle": 22.5, "axis": "z", "origin": [5.25743, 12.90302, -1]},
			"faces": {
				"north": {"uv": [6.125, 1.625, 4, 3.875], "texture": "#3"},
				"east": {"uv": [0, 0, 16, 15.5], "texture": "#7"},
				"south": {"uv": [6.125, 1.625, 4, 3.875], "texture": "#3"},
				"west": {"uv": [1.875, 0, 0, 2.25], "texture": "#3"},
				"up": {"uv": [0, 0, 16, 15.5], "texture": "#7"},
				"down": {"uv": [1.875, 0, 0, 2.25], "texture": "#3"}
			}
		},
		{
			"name": "lower_bar",
			"from": [7, -0.92388, 0.5],
			"to": [9, 20.47612, 1.5],
			"rotation": {"angle": -22.5, "axis": "z", "origin": [8, 6.27612, 3]},
			"faces": {
				"north": {"uv": [1.875, 4, 0, 16], "texture": "#3"},
				"east": {"uv": [1.75, 4, 1.125, 16], "texture": "#3"},
				"south": {"uv": [1.875, 4, 0, 16], "texture": "#3"},
				"west": {"uv": [1.75, 4, 1.125, 16], "texture": "#3"},
				"up": {"uv": [1.875, 0, 0, 2.25], "texture": "#3"}
			}
		}
	],
	"groups": [0,
		{
			"name": "birch_fence_post",
			"children": [1, 2, 3, 4, 5, 6, 7, 8, 9]
		}, 10, 11, 12, 13, 14, 15]
}