{
  "credit": "Made_with_Blockbench",
  "ambientocclusion": false,
  "textures": {
    "base": "block/furnace_top",
    "particle": "block/furnace_top",
    "lever": "block/redstone_torch"
  },
  "elements": [
    {
      "from": [
        5,
        0,
        3
      ],
      "to": [
        11,
        3,
        13
      ],
      "faces": {
        "north": {
          "uv": [
            0,
            0,
            16,
            8
          ],
          "texture": "#base"
        },
        "east": {
          "uv": [
            0,
            0,
            16,
            8
          ],
          "texture": "#base"
        },
        "south": {
          "uv": [
            0,
            0,
            16,
            8
          ],
          "texture": "#base"
        },
        "west": {
          "uv": [
            0,
            0,
            16,
            8
          ],
          "texture": "#base"
        },
        "up": {
          "uv": [
            0,
            0,
            16,
            16
          ],
          "texture": "#base"
        },
        "down": {
          "uv": [
            5,
            4,
            11,
            12
          ],
          "texture": "#base"
        }
      }
    },
    {
      "from": [
        7,
        1,
        7
      ],
      "to": [
        9,
        11,
        9
      ],
      "rotation": {
        "angle": -45,
        "axis": "x",
        "origin": [
          8,
          1,
          8
        ]
      },
      "faces": {
        "north": {
          "uv": [
            7,
            8,
            9,
            16
          ],
          "texture": "#lever"
        },
        "east": {
          "uv": [
            7,
            8,
            9,
            16
          ],
          "texture": "#lever"
        },
        "south": {
          "uv": [
            7,
            8,
            9,
            16
          ],
          "texture": "#lever"
        },
        "west": {
          "uv": [
            7,
            8,
            9,
            16
          ],
          "texture": "#lever"
        },
        "up": {
          "uv": [
            7,
            14,
            9,
            16
          ],
          "texture": "#lever"
        },
        "down": {
          "uv": [
            7,
            6,
            9,
            8
          ],
          "texture": "#lever"
        }
      }
    },
    {
      "from": [
        6.8,
        9.8,
        6.8
      ],
      "to": [
        9.2,
        12.2,
        9.2
      ],
      "rotation": {
        "angle": -45,
        "axis": "x",
        "origin": [
          8,
          1,
          8
        ]
      },
      "faces": {
        "north": {
          "uv": [
            8,
            6,
            10,
            8
          ],
          "texture": "#base"
        },
        "east": {
          "uv": [
            8,
            6,
            10,
            8
          ],
          "texture": "#base"
        },
        "south": {
          "uv": [
            8,
            6,
            10,
            8
          ],
          "texture": "#base"
        },
        "west": {
          "uv": [
            8,
            6,
            10,
            8
          ],
          "texture": "#base"
        },
        "up": {
          "uv": [
            8,
            6,
            10,
            8
          ],
          "texture": "#base"
        },
        "down": {
          "uv": [
            8,
            6,
            10,
            8
          ],
          "texture": "#base"
        }
      }
    }
  ]
}
