{
  "credit": "Made_with_Blockbench",
  "textures": {
    "0": "block/3dmodel/wire_fence",
    "particle": "block/3dmodel/wire_fence"
  },
  "elements": [
    {
      "name": "Center_post",
      "from": [
        6.2,
        0,
        6.2
      ],
      "to": [
        9.8,
        16,
        9.8
      ],
      "faces": {
        "north": {
          "uv": [
            0,
            0,
            16,
            4.5
          ],
          "rotation": 90,
          "texture": "#0"
        },
        "east": {
          "uv": [
            0,
            0,
            16,
            4.5
          ],
          "rotation": 90,
          "texture": "#0"
        },
        "south": {
          "uv": [
            0,
            0,
            16,
            4.5
          ],
          "rotation": 90,
          "texture": "#0"
        },
        "west": {
          "uv": [
            0,
            0,
            16,
            4.5
          ],
          "rotation": 90,
          "texture": "#0"
        },
        "up": {
          "uv": [
            0,
            4.5,
            4.5,
            9
          ],
          "rotation": 90,
          "texture": "#0"
        },
        "down": {
          "uv": [
            0,
            4.5,
            4.5,
            9
          ],
          "rotation": 90,
          "texture": "#0"
        }
      }
    }
  ]
}
