{
  "credit": "Made_with_Blockbench",
  "parent": "block/block",
  "textures": {
    "1": "block/3dmodel/wire_fence",
    "particle": "block/3dmodel/wire_fence"
  },
  "elements": [
    {
      "name": "Left-hand_post",
      "from": [
        0,
        0,
        7
      ],
      "to": [
        2,
        16,
        9
      ],
      "faces": {
        "north": {
          "uv": [
            13,
            4,
            15,
            16
          ],
          "texture": "#1"
        },
        "east": {
          "uv": [
            13,
            4,
            15,
            16
          ],
          "texture": "#1"
        },
        "south": {
          "uv": [
            13,
            4,
            15,
            16
          ],
          "texture": "#1"
        },
        "west": {
          "uv": [
            13,
            4,
            15,
            16
          ],
          "texture": "#1"
        },
        "up": {
          "uv": [
            1.5,
            4,
            3.5,
            5
          ],
          "rotation": 90,
          "texture": "#1"
        },
        "down": {
          "uv": [
            1.5,
            1,
            3.5,
            3
          ],
          "rotation": 90,
          "texture": "#1"
        }
      }
    },
    {
      "name": "Right-hand_post",
      "from": [
        14,
        0,
        7
      ],
      "to": [
        16,
        16,
        9
      ],
      "faces": {
        "north": {
          "uv": [
            13,
            4,
            15,
            16
          ],
          "texture": "#1"
        },
        "east": {
          "uv": [
            13,
            4,
            15,
            16
          ],
          "texture": "#1"
        },
        "south": {
          "uv": [
            13,
            4,
            15,
            16
          ],
          "texture": "#1"
        },
        "west": {
          "uv": [
            13,
            4,
            15,
            16
          ],
          "texture": "#1"
        },
        "up": {
          "uv": [
            1.5,
            4,
            3.5,
            5
          ],
          "rotation": 90,
          "texture": "#1"
        },
        "down": {
          "uv": [
            1.5,
            1,
            3.5,
            3
          ],
          "rotation": 90,
          "texture": "#1"
        }
      }
    },
    {
      "name": "Lower_horizontal_bar_of_left-hand_gate_door",
      "from": [
        2,
        3,
        7
      ],
      "to": [
        14,
        13,
        9
      ],
      "faces": {
        "north": {
          "uv": [
            0,
            12,
            11.5,
            15.5
          ],
          "texture": "#1"
        },
        "south": {
          "uv": [
            0,
            12,
            11.5,
            15.5
          ],
          "texture": "#1"
        },
        "up": {
          "uv": [
            0.5,
            12,
            11.5,
            13
          ],
          "texture": "#1"
        },
        "down": {
          "uv": [
            0.5,
            12,
            11.5,
            13
          ],
          "texture": "#1"
        }
      }
    }
  ],
  "display": {
    "gui": {
      "rotation": [
        30,
        45,
        0
      ],
      "translation": [
        0,
        -1,
        0
      ],
      "scale": [
        0.8,
        0.8,
        0.8
      ]
    },
    "head": {
      "translation": [
        0,
        -3,
        -6
      ]
    }
  }
}
