{
  "credit": "Made_with_Blockbench",
  "ambientocclusion": false,
  "textures": {
    "5": "block/furnace_top",
    "1_1": "block/stone_slab_top",
    "1_3": "block/3dmodel/beacon",
    "particle": "block/3dmodel/beacon"
  },
  "elements": [
    {
      "from": [
        -1.2,
        7.55,
        7.3
      ],
      "to": [
        4.95,
        9.45,
        8.7
      ],
      "faces": {
        "north": {
          "uv": [
            9.5,
            14,
            15.65,
            16
          ],
          "texture": "#1_1"
        },
        "south": {
          "uv": [
            9.5,
            14,
            15.65,
            16
          ],
          "rotation": 180,
          "texture": "#1_1"
        },
        "up": {
          "uv": [
            9.5,
            15,
            15.65,
            16
          ],
          "rotation": 180,
          "texture": "#1_1"
        },
        "down": {
          "uv": [
            9.5,
            15,
            15.65,
            16
          ],
          "rotation": 180,
          "texture": "#1_1"
        }
      }
    },
    {
      "from": [
        -1.2,
        4.55,
        7.3
      ],
      "to": [
        4.95,
        6.45,
        8.7
      ],
      "faces": {
        "north": {
          "uv": [
            9.5,
            14,
            15.65,
            16
          ],
          "texture": "#1_1"
        },
        "south": {
          "uv": [
            9.5,
            14,
            15.65,
            16
          ],
          "rotation": 180,
          "texture": "#1_1"
        },
        "up": {
          "uv": [
            9.5,
            15,
            15.65,
            16
          ],
          "rotation": 180,
          "texture": "#1_1"
        },
        "down": {
          "uv": [
            9.5,
            15,
            15.65,
            16
          ],
          "rotation": 180,
          "texture": "#1_1"
        }
      }
    },
    {
      "from": [
        2.7,
        3.2,
        6.7
      ],
      "to": [
        5.3,
        11.3,
        9.3
      ],
      "faces": {
        "north": {
          "uv": [
            10.5,
            2.5,
            14.5,
            14.5
          ],
          "texture": "#5"
        },
        "east": {
          "uv": [
            9.5,
            3,
            13.5,
            15
          ],
          "texture": "#5"
        },
        "south": {
          "uv": [
            10.5,
            2.5,
            14.5,
            14.5
          ],
          "texture": "#5"
        },
        "west": {
          "uv": [
            9.5,
            3,
            13.5,
            15
          ],
          "texture": "#5"
        },
        "up": {
          "uv": [
            9,
            4,
            11,
            6
          ],
          "texture": "#1_1"
        },
        "down": {
          "uv": [
            0,
            8,
            2,
            10
          ],
          "texture": "#missing"
        }
      }
    },
    {
      "name": "light",
      "from": [
        2.05,
        12.3,
        6.05
      ],
      "to": [
        5.95,
        16.2,
        9.95
      ],
      "faces": {
        "north": {
          "uv": [
            5,
            5.5,
            10,
            10.5
          ],
          "texture": "#1_3"
        },
        "east": {
          "uv": [
            5,
            5.5,
            10,
            10.5
          ],
          "texture": "#1_3"
        },
        "south": {
          "uv": [
            5,
            5.5,
            10,
            10.5
          ],
          "texture": "#1_3"
        },
        "west": {
          "uv": [
            5,
            5.5,
            10,
            10.5
          ],
          "texture": "#1_3"
        },
        "up": {
          "uv": [
            5,
            5.5,
            10,
            10.5
          ],
          "texture": "#1_3"
        },
        "down": {
          "uv": [
            5,
            5.5,
            10,
            10.5
          ],
          "texture": "#1_3"
        }
      }
    },
    {
      "from": [
        1.6,
        10.85,
        5.65
      ],
      "to": [
        6.3,
        12.25,
        10.35
      ],
      "faces": {
        "north": {
          "uv": [
            0,
            0,
            7.5,
            2.5
          ],
          "texture": "#1_1"
        },
        "east": {
          "uv": [
            0,
            0,
            7.5,
            2.5
          ],
          "texture": "#1_1"
        },
        "south": {
          "uv": [
            0,
            0,
            7.5,
            2.5
          ],
          "texture": "#1_1"
        },
        "west": {
          "uv": [
            0,
            0,
            7.5,
            2.5
          ],
          "texture": "#1_1"
        },
        "up": {
          "uv": [
            0,
            0,
            3.5,
            3.5
          ],
          "texture": "#1_1"
        },
        "down": {
          "uv": [
            0,
            0,
            3.5,
            3.5
          ],
          "texture": "#1_1"
        }
      }
    },
    {
      "from": [
        2.25,
        2.9,
        6.25
      ],
      "to": [
        5.75,
        4.1,
        9.75
      ],
      "faces": {
        "north": {
          "uv": [
            0,
            0,
            7.5,
            2.5
          ],
          "texture": "#1_1"
        },
        "east": {
          "uv": [
            0,
            0,
            7.5,
            2.5
          ],
          "texture": "#1_1"
        },
        "south": {
          "uv": [
            0,
            0,
            7.5,
            2.5
          ],
          "texture": "#1_1"
        },
        "west": {
          "uv": [
            0,
            0,
            7.5,
            2.5
          ],
          "texture": "#1_1"
        },
        "up": {
          "uv": [
            0,
            0,
            3.5,
            3.5
          ],
          "texture": "#1_1"
        },
        "down": {
          "uv": [
            0,
            0,
            2,
            2
          ],
          "texture": "#1_1"
        }
      }
    }
  ],
  "groups": [
    {
      "name": "normal_torch_wall",
      "children": [
        0,
        1
      ]
    },
    {
      "name": "normal_torch",
      "children": [
        2,
        3,
        4,
        5
      ]
    }
  ]
}
