{
	"credit": "Made with Blockbench",
	"textures": {
		"0": "block/3dmodel/skin",
		"1": "block/3dmodel/metal_weapon2",
		"2": "block/3dmodel/metal_weapon4",
		"3": "block/3dmodel/Decorative_weapon",
		"4": "block/3dmodel/grenade",
		"particle": "block/3dmodel/Decorative_weapon"
	},
	"elements": [
		{
			"name": "Back",
			"from": [7, 8, -6.75],
			"to": [9, 9.3, 2.65],
			"rotation": {"angle": -22.5, "axis": "x", "origin": [8, 8, 8]},
			"faces": {
				"north": {"uv": [0, 7.75, 8.78, 11.18], "texture": "#0"},
				"east": {"uv": [0, 7.75, 15.78, 12.93], "texture": "#0"},
				"south": {"uv": [0, 0, 5.78, 5.18], "rotation": 90, "texture": "#0"},
				"west": {"uv": [0, 7.75, 15.78, 12.93], "texture": "#0"},
				"up": {"uv": [0, 0, 8.78, 5.18], "rotation": 90, "texture": "#0"},
				"down": {"uv": [0, 0, 7.979, 3.48], "rotation": 90, "texture": "#0"}
			}
		},
		{
			"name": "Back",
			"from": [7.03, 3.26145, -6.18],
			"to": [8.97, 7.00145, -3.42],
			"faces": {
				"north": {"uv": [0, 4, 8.78, 11.18], "texture": "#0"},
				"east": {"uv": [0, 5, 8.28, 12.929], "rotation": 180, "texture": "#0"},
				"south": {"uv": [0, 0, 1.98, 3.78], "texture": "#0"},
				"west": {"uv": [0, 5, 8.28, 12.929], "rotation": 180, "texture": "#0"},
				"up": {"uv": [0, 0, 8.78, 5.18], "rotation": 90, "texture": "#0"},
				"down": {"uv": [0, 0, 1.98, 2.8], "texture": "#0"}
			}
		},
		{
			"name": "Back",
			"from": [7.02, 4.52, -4.78],
			"to": [8.98, 7.58, -0.92],
			"faces": {
				"north": {"uv": [0, 4, 8.78, 11.18], "texture": "#0"},
				"east": {"uv": [0, 5, 8.28, 12.929], "rotation": 180, "texture": "#0"},
				"south": {"uv": [0, 0, 1.96, 3.06], "texture": "#0"},
				"west": {"uv": [0, 5, 8.28, 12.929], "rotation": 180, "texture": "#0"},
				"up": {"uv": [0, 0, 8.78, 5.18], "rotation": 90, "texture": "#0"},
				"down": {"uv": [0, 0, 1.96, 3.86], "texture": "#0"}
			}
		},
		{
			"name": "Back",
			"from": [7.01, 5.61, -1.89],
			"to": [8.99, 7.79, 0.89],
			"faces": {
				"north": {"uv": [0, 4, 8.78, 11.18], "texture": "#0"},
				"east": {"uv": [0, 5, 8.28, 12.929], "rotation": 180, "texture": "#0"},
				"south": {"uv": [1.25, 2.75, 9.23, 10.68], "texture": "#0"},
				"west": {"uv": [0, 5, 8.28, 12.929], "rotation": 180, "texture": "#0"},
				"up": {"uv": [0, 0, 8.78, 5.18], "rotation": 90, "texture": "#0"},
				"down": {"uv": [0, 0, 1.98, 2.78], "texture": "#0"}
			}
		},
		{
			"name": "Back",
			"from": [7.04, 6.15, -0.4],
			"to": [8.96, 7.65, 1.3],
			"rotation": {"angle": -22.5, "axis": "x", "origin": [8.02, 6.70599, 0.7663]},
			"faces": {
				"north": {"uv": [0, 0, 1.96, 1.4], "rotation": 180, "texture": "#0"},
				"east": {"uv": [0, 4, 8.78, 11.18], "rotation": 270, "texture": "#0"},
				"south": {"uv": [0, 0, 8.78, 5.18], "rotation": 90, "texture": "#0"},
				"west": {"uv": [0, 4, 8.78, 11.18], "rotation": 90, "texture": "#0"},
				"up": {"uv": [0, 0, 6.28, 5.18], "rotation": 90, "texture": "#0"},
				"down": {"uv": [0, 0, 1.96, 1.7], "texture": "#0"}
			}
		},
		{
			"name": "Frame",
			"from": [7.01, 7.88, 2.41],
			"to": [8.99, 8.88, 4.89],
			"rotation": {"angle": -22.5, "axis": "x", "origin": [8, 8, 8]},
			"faces": {
				"north": {"uv": [0, 0, 1.98, 1.28], "texture": "#0"},
				"east": {"uv": [0, 0, 8.78, 5.18], "texture": "#0"},
				"south": {"uv": [0, 0, 1.98, 1.28], "texture": "#0"},
				"west": {"uv": [0, 0, 8.78, 5.18], "texture": "#0"},
				"up": {"uv": [0, 0, 8.78, 5.18], "rotation": 90, "texture": "#0"},
				"down": {"uv": [0, 0, 8.78, 5.18], "rotation": 90, "texture": "#0"}
			}
		},
		{
			"name": "Frame",
			"from": [7, 6.4, 5.5],
			"to": [9, 8.2, 8.9],
			"faces": {
				"north": {"uv": [0, 0, 7, 7.6], "rotation": 180, "texture": "#2"},
				"east": {"uv": [15.849, 1.25, 12.75, 6.299], "texture": "#2"},
				"south": {"uv": [0, 0, 7, 7.6], "rotation": 180, "texture": "#2"},
				"west": {"uv": [12.75, 1.25, 15.849, 6.299], "texture": "#2"},
				"up": {"uv": [9.5, 0.75, 13.6, 4.049], "rotation": 90, "texture": "#2"},
				"down": {"uv": [9.5, 0.75, 13.6, 4.049], "rotation": 90, "texture": "#2"}
			}
		},
		{
			"name": "Frame",
			"from": [7, 6.4, 8.9],
			"to": [9, 8.2, 11.7],
			"faces": {
				"north": {"uv": [0, 0, 2, 1.4], "texture": "#0"},
				"east": {"uv": [12.75, 1.25, 15.849, 6.299], "texture": "#2"},
				"south": {"uv": [11.5, 0.75, 14.6, 3.049], "rotation": 180, "texture": "#2"},
				"west": {"uv": [15.849, 1.25, 12.75, 6.299], "texture": "#2"},
				"up": {"uv": [9.5, 0.75, 13.6, 4.049], "rotation": 90, "texture": "#2"},
				"down": {"uv": [9.5, 0.75, 13.6, 4.049], "rotation": 90, "texture": "#2"}
			}
		},
		{
			"name": "Frame",
			"from": [7.05, 6.65, 4.45],
			"to": [8.95, 7.05, 5.85],
			"faces": {
				"north": {"uv": [0, 0, 1.9, 0.4], "texture": "#0"},
				"east": {"uv": [9.5, 0.75, 13.6, 4.049], "texture": "#2"},
				"south": {"uv": [0, 0, 1.9, 0.4], "texture": "#0"},
				"west": {"uv": [9.5, 0.75, 13.6, 4.049], "texture": "#2"},
				"up": {"uv": [0, 0, 1.9, 1.4], "texture": "#0"},
				"down": {"uv": [9.5, 0.75, 13.6, 4.049], "rotation": 90, "texture": "#2"}
			}
		},
		{
			"name": "Trigger",
			"from": [7.4, 5.5, 5.55],
			"to": [8.6, 7.5, 5.75],
			"faces": {
				"north": {"uv": [15.849, 15.25, 13.5, 15.799], "rotation": 90, "texture": "#2"},
				"east": {"uv": [15.849, 15.25, 13.5, 15.799], "rotation": 90, "texture": "#2"},
				"south": {"uv": [15.849, 15.25, 13.5, 15.799], "rotation": 90, "texture": "#2"},
				"west": {"uv": [15.849, 15.25, 13.5, 15.799], "rotation": 90, "texture": "#2"},
				"up": {"uv": [0, 0, 1.2, 0.2], "texture": "#2"},
				"down": {"uv": [15.849, 15.25, 13.5, 15.799], "rotation": 90, "texture": "#2"}
			}
		},
		{
			"name": "Trigger",
			"from": [7.4, 5.3, 5.7],
			"to": [8.6, 5.5, 7.6],
			"faces": {
				"north": {"uv": [0, 0, 3.2, 1.2], "texture": "#1"},
				"east": {"uv": [15.849, 15.25, 13.5, 15.799], "texture": "#2"},
				"south": {"uv": [15.849, 15.25, 13.5, 15.799], "texture": "#2"},
				"west": {"uv": [15.849, 15.25, 13.5, 15.799], "texture": "#2"},
				"up": {"uv": [15.849, 15.25, 13.5, 15.799], "rotation": 90, "texture": "#2"},
				"down": {"uv": [15.849, 15.25, 13.5, 15.799], "rotation": 90, "texture": "#2"}
			}
		},
		{
			"name": "Trigger",
			"from": [7.41, 5.51, 7.51],
			"to": [8.59, 7.49, 8.29],
			"faces": {
				"north": {"uv": [15.849, 15.25, 13.5, 15.799], "rotation": 90, "texture": "#2"},
				"east": {"uv": [15.849, 15.25, 13.5, 15.799], "rotation": 90, "texture": "#2"},
				"south": {"uv": [0, 0, 1.2, 2], "texture": "#1"},
				"west": {"uv": [15.849, 15.25, 13.5, 15.799], "rotation": 90, "texture": "#2"},
				"up": {"uv": [0, 0, 1.2, 0.2], "texture": "#2"},
				"down": {"uv": [15.849, 15.25, 13.5, 15.799], "rotation": 90, "texture": "#2"}
			}
		},
		{
			"name": "Trigger",
			"from": [7.75, 5.8, 6.2],
			"to": [8.25, 6.8, 6.4],
			"faces": {
				"north": {"uv": [0.75, 10.5, 2.349, 13.049], "texture": "#4"},
				"east": {"uv": [0.75, 10.5, 2.349, 13.049], "texture": "#4"},
				"south": {"uv": [0.75, 10.5, 2.349, 13.049], "texture": "#4"},
				"west": {"uv": [0.75, 10.5, 2.349, 13.049], "texture": "#4"},
				"down": {"uv": [0.75, 10.5, 2.349, 13.049], "texture": "#4"}
			}
		},
		{
			"name": "Back",
			"from": [7.05, 0.15, 5.13],
			"to": [8.95, 3.89, 6.47],
			"rotation": {"angle": 45, "axis": "x", "origin": [8, 8, 8]},
			"faces": {
				"north": {"uv": [0, 0, 8.78, 5.18], "rotation": 90, "texture": "#0"},
				"east": {"uv": [0, 7.75, 8.03, 12.93], "rotation": 90, "texture": "#0"},
				"south": {"uv": [0, 0, 8.78, 5.18], "rotation": 90, "texture": "#0"},
				"west": {"uv": [0, 7.75, 8.03, 12.93], "rotation": 90, "texture": "#0"},
				"up": {"uv": [0, 0, 1.96, 1.4], "texture": "#0"},
				"down": {"uv": [0, 0, 7.979, 3.48], "rotation": 90, "texture": "#0"}
			}
		},
		{
			"name": "Frame",
			"from": [7.4, 2.3, 8.1],
			"to": [8.6, 6.9, 10.3],
			"faces": {
				"north": {"uv": [14.25, 10.25, 15.849, 12.049], "rotation": 90, "texture": "#2"},
				"east": {"uv": [14.25, 8.25, 15.849, 12.049], "rotation": 90, "texture": "#2"},
				"south": {"uv": [14.25, 10.25, 15.849, 12.049], "rotation": 90, "texture": "#2"},
				"west": {"uv": [14.25, 8.25, 15.849, 12.049], "rotation": 90, "texture": "#2"},
				"down": {"uv": [14.25, 10.25, 15.849, 12.049], "rotation": 90, "texture": "#2"}
			}
		},
		{
			"name": "Back",
			"from": [7.06, 3.54, -0.44413],
			"to": [8.94, 5.26, 1.32587],
			"faces": {
				"north": {"uv": [0, 0, 8.78, 5.18], "rotation": 90, "texture": "#0"},
				"east": {"uv": [0, 7.75, 8.03, 12.93], "texture": "#0"},
				"south": {"uv": [0, 0, 8.78, 5.18], "rotation": 90, "texture": "#0"},
				"west": {"uv": [0, 7.75, 8.03, 12.93], "texture": "#0"},
				"up": {"uv": [0, 0, 1.96, 1.4], "texture": "#0"},
				"down": {"uv": [0, 0, 7.979, 3.48], "rotation": 90, "texture": "#0"}
			}
		},
		{
			"name": "Frame",
			"from": [7.12, 6.44, 11.07],
			"to": [8.88, 8.1, 15.73],
			"faces": {
				"east": {"uv": [1.5, 6.5, 15.78, 13.429], "texture": "#0"},
				"south": {"uv": [11, 6.5, 15.78, 13.429], "texture": "#0"},
				"west": {"uv": [15.78, 6.5, 1.5, 13.429], "texture": "#0"},
				"up": {"uv": [15.78, 0, 0, 9.18], "rotation": 90, "texture": "#0"},
				"down": {"uv": [0, 0, 15.78, 9.18], "rotation": 90, "texture": "#0"}
			}
		},
		{
			"name": "Frame",
			"from": [7.2, 6.5, 15.7],
			"to": [8.8, 8.1, 19.3],
			"faces": {
				"east": {"uv": [15.78, 6.5, 1.5, 13.429], "texture": "#0"},
				"south": {"uv": [0, 0, 7.03, 8.179], "texture": "#0"},
				"west": {"uv": [1.5, 6.5, 15.78, 13.429], "texture": "#0"},
				"up": {"uv": [15.78, 9.18, 0, 0], "rotation": 90, "texture": "#0"},
				"down": {"uv": [15.78, 9.18, 0, 0], "rotation": 90, "texture": "#0"}
			}
		},
		{
			"name": "Frame",
			"from": [7.25, 6.6, 18.8],
			"to": [8.75, 8, 20.9],
			"faces": {
				"east": {"uv": [10.5, 6.5, 15.78, 13.429], "texture": "#0"},
				"south": {"uv": [11, 6.5, 15.78, 13.429], "texture": "#0"},
				"west": {"uv": [10.5, 6.5, 15.78, 13.429], "texture": "#0"},
				"up": {"uv": [15.78, 0, 0, 8.179], "rotation": 90, "texture": "#0"},
				"down": {"uv": [15.78, 0, 0, 8.179], "rotation": 90, "texture": "#0"}
			}
		},
		{
			"name": "Frame",
			"from": [7.6, 7.6, 20.5],
			"to": [8.4, 8.4, 27.1],
			"faces": {
				"north": {"uv": [0, 0, 2, 1.4], "texture": "#0"},
				"east": {"uv": [10.5, 0.75, 13.6, 3.049], "texture": "#2"},
				"south": {"uv": [5.5, 2.75, 8.099, 5.549], "texture": "#3"},
				"west": {"uv": [10.5, 0.75, 13.6, 3.049], "texture": "#2"},
				"up": {"uv": [0, 0.75, 15.099, 2.049], "rotation": 90, "texture": "#2"},
				"down": {"uv": [0, 0.75, 15.099, 2.049], "rotation": 90, "texture": "#2"}
			}
		},
		{
			"name": "Frame",
			"from": [7.2, 8.2, 5.6],
			"to": [8.8, 8.5, 11.7],
			"faces": {
				"north": {"uv": [4.25, 14.75, 15.85, 15.799], "texture": "#2"},
				"east": {"uv": [4.25, 14.75, 15.85, 15.799], "texture": "#2"},
				"south": {"uv": [4.25, 14.75, 15.85, 15.799], "texture": "#2"},
				"west": {"uv": [4.25, 14.75, 15.85, 15.799], "texture": "#2"},
				"up": {"uv": [9.5, 0.75, 13.6, 4.049], "rotation": 90, "texture": "#2"},
				"down": {"uv": [9.5, 0.75, 13.6, 4.049], "rotation": 90, "texture": "#2"}
			}
		},
		{
			"name": "Frame",
			"from": [7.225, 8.2, 3.36],
			"to": [8.775, 8.68, 5.79],
			"rotation": {"angle": -45, "axis": "x", "origin": [8.215, 8.35, 5.9]},
			"faces": {
				"north": {"uv": [0, 0, 7, 7.6], "rotation": 180, "texture": "#2"},
				"east": {"uv": [12.5, 2, 15.6, 3.049], "texture": "#2"},
				"south": {"uv": [0, 0, 7, 7.6], "rotation": 180, "texture": "#2"},
				"west": {"uv": [12.5, 2, 15.6, 3.049], "texture": "#2"},
				"up": {"uv": [9.5, 0.75, 13.6, 4.049], "rotation": 90, "texture": "#2"},
				"down": {"uv": [9.5, 0.75, 13.6, 4.049], "rotation": 90, "texture": "#2"}
			}
		},
		{
			"name": "Frame",
			"from": [7.75, 7.81241, 5],
			"to": [8.25, 8.21241, 5.8],
			"rotation": {"angle": 45, "axis": "x", "origin": [8, 8.01241, 5.10701]},
			"faces": {
				"north": {"uv": [0.5, 7, 2.349, 9.549], "rotation": 180, "texture": "#4"},
				"east": {"uv": [0.75, 10.5, 2.349, 13.049], "rotation": 90, "texture": "#4"},
				"south": {"uv": [13.6, 0.75, 9.5, 4.049], "rotation": 90, "texture": "#2"},
				"west": {"uv": [0.75, 10.5, 2.349, 13.049], "rotation": 270, "texture": "#4"},
				"up": {"uv": [0.75, 10.5, 2.349, 13.049], "texture": "#4"},
				"down": {"uv": [0.75, 10.5, 2.349, 13.049], "rotation": 180, "texture": "#4"}
			}
		},
		{
			"name": "Frame",
			"from": [7.8, 6.7, 20.7],
			"to": [8.2, 7.1, 22.9],
			"faces": {
				"north": {"uv": [0, 0, 2, 1.4], "texture": "#0"},
				"east": {"uv": [10.25, 6.75, 14.099, 8.549], "texture": "#2"},
				"south": {"uv": [10.25, 6.75, 14.099, 8.549], "texture": "#2"},
				"west": {"uv": [14.099, 6.75, 10.25, 8.549], "texture": "#2"},
				"up": {"uv": [10.25, 6.75, 14.099, 8.549], "rotation": 90, "texture": "#2"},
				"down": {"uv": [10.25, 6.75, 14.099, 8.549], "rotation": 90, "texture": "#2"}
			}
		},
		{
			"name": "Frame",
			"from": [6.9, 6.9, 7.8],
			"to": [7.9, 7.7, 10.4],
			"faces": {
				"north": {"uv": [0.75, 6.75, 2.098, 9.299], "rotation": 90, "texture": "#4"},
				"east": {"uv": [15.849, 1.25, 12.75, 6.299], "texture": "#2"},
				"south": {"uv": [0.75, 6.75, 2.098, 9.299], "rotation": 90, "texture": "#4"},
				"west": {"uv": [0.75, 6.75, 2.098, 9.299], "rotation": 90, "texture": "#4"},
				"up": {"uv": [0.75, 6.75, 2.098, 9.299], "rotation": 90, "texture": "#4"},
				"down": {"uv": [0.75, 6.75, 2.098, 9.299], "rotation": 90, "texture": "#4"}
			}
		},
		{
			"name": "Frame",
			"from": [7.45, 7.45, 20.65],
			"to": [8.55, 8.55, 21.55],
			"faces": {
				"north": {"uv": [0, 14, 0.85, 15.799], "texture": "#4"},
				"east": {"uv": [0, 14, 0.85, 15.799], "texture": "#4"},
				"south": {"uv": [0, 14, 0.85, 15.799], "texture": "#4"},
				"west": {"uv": [0, 14, 0.85, 15.799], "texture": "#4"},
				"up": {"uv": [0, 14, 0.85, 15.799], "texture": "#4"},
				"down": {"uv": [0, 0.75, 15.099, 2.049], "rotation": 90, "texture": "#2"}
			}
		},
		{
			"name": "Frame",
			"from": [7.7, 6.6, 20.9],
			"to": [8.3, 7.2, 21.3],
			"faces": {
				"north": {"uv": [0, 14, 0.85, 15.799], "texture": "#4"},
				"east": {"uv": [0, 14, 0.85, 15.799], "texture": "#4"},
				"south": {"uv": [0, 14, 0.85, 15.799], "texture": "#4"},
				"west": {"uv": [0, 14, 0.85, 15.799], "texture": "#4"},
				"up": {"uv": [0, 14, 0.85, 15.799], "texture": "#4"},
				"down": {"uv": [0, 0.75, 15.099, 2.049], "rotation": 90, "texture": "#2"}
			}
		},
		{
			"name": "Frame",
			"from": [7.75, 6.65, 20.95],
			"to": [8.25, 8.15, 21.25],
			"faces": {
				"north": {"uv": [0, 14, 0.85, 15.799], "texture": "#4"},
				"east": {"uv": [0, 14, 0.85, 15.799], "texture": "#4"},
				"south": {"uv": [0, 14, 0.85, 15.799], "texture": "#4"},
				"west": {"uv": [0, 14, 0.85, 15.799], "texture": "#4"},
				"up": {"uv": [0, 14, 0.85, 15.799], "texture": "#4"},
				"down": {"uv": [0, 0.75, 15.099, 2.049], "rotation": 90, "texture": "#2"}
			}
		},
		{
			"name": "Frame",
			"from": [7.7, 8.35, 25.65],
			"to": [8.3, 8.85, 26.55],
			"faces": {
				"north": {"uv": [0, 14, 0.85, 15.799], "texture": "#4"},
				"east": {"uv": [0, 14, 0.85, 15.799], "texture": "#4"},
				"south": {"uv": [0, 14, 0.85, 15.799], "texture": "#4"},
				"west": {"uv": [0, 14, 0.85, 15.799], "texture": "#4"},
				"up": {"uv": [0, 14, 0.85, 15.799], "texture": "#4"},
				"down": {"uv": [0, 0.75, 15.099, 2.049], "rotation": 90, "texture": "#2"}
			}
		},
		{
			"name": "Frame",
			"from": [7.6, 7.6, 10.5],
			"to": [8.4, 8.4, 21.1],
			"faces": {
				"north": {"uv": [0, 0, 2, 1.4], "texture": "#0"},
				"east": {"uv": [10.5, 0.75, 13.6, 3.049], "texture": "#2"},
				"south": {"uv": [5.5, 2.75, 8.099, 5.549], "texture": "#3"},
				"west": {"uv": [10.5, 0.75, 13.6, 3.049], "texture": "#2"},
				"up": {"uv": [0, 0.75, 15.099, 2.049], "rotation": 90, "texture": "#2"},
				"down": {"uv": [0, 0.75, 15.099, 2.049], "rotation": 90, "texture": "#2"}
			}
		},
		{
			"name": "Frame",
			"from": [7.01, 7.88, 4.9],
			"to": [8.99, 8.88, 6.38],
			"rotation": {"angle": -22.5, "axis": "x", "origin": [8, 8, 8]},
			"faces": {
				"north": {"uv": [9.5, 0.75, 13.6, 4.049], "texture": "#2"},
				"east": {"uv": [9.5, 0.75, 13.6, 4.049], "texture": "#2"},
				"south": {"uv": [0, 0, 1.98, 1.28], "texture": "#0"},
				"west": {"uv": [9.5, 0.75, 13.6, 4.049], "texture": "#2"},
				"up": {"uv": [9.5, 0.75, 13.6, 4.049], "rotation": 90, "texture": "#2"},
				"down": {"uv": [9.5, 0.75, 13.6, 4.049], "rotation": 90, "texture": "#2"}
			}
		},
		{
			"name": "Back",
			"from": [7.02, 6.02, 0.44372],
			"to": [8.98, 7.28, 3.80372],
			"faces": {
				"north": {"uv": [0, 0, 1.98, 2.78], "texture": "#0"},
				"east": {"uv": [0, 7.75, 15.78, 12.93], "texture": "#0"},
				"south": {"uv": [0, 0, 5.78, 5.18], "rotation": 90, "texture": "#0"},
				"west": {"uv": [0, 7.75, 15.78, 12.93], "texture": "#0"},
				"up": {"uv": [0, 0, 8.78, 5.18], "rotation": 90, "texture": "#0"},
				"down": {"uv": [0, 0, 7.979, 3.48], "rotation": 90, "texture": "#0"}
			}
		}
	],
	"display": {
		"thirdperson_righthand": {
			"rotation": [180, 0, 180],
			"translation": [-2, 1.6, -1.5],
			"scale": [0.8, 0.8, 0.72]
		},
		"firstperson_righthand": {
			"rotation": [-2, -144, -5],
			"translation": [-8.25, 5.25, 0]
		},
		"ground": {
			"translation": [0, 3.25, 0],
			"scale": [0.6, 0.6, 0.6]
		},
		"gui": {
			"rotation": [-90, 60, 100],
			"translation": [-1.95, 1, 0],
			"scale": [0.15, 1.11, 0.66]
		},
		"fixed": {
			"rotation": [0, 90, 0],
			"translation": [0, 0, -1.25]
		}
	},
    "overrides": [
        {
            "predicate": {
                "pulling": 1
            },
            "model": "item/bow_pulling_0"
        },
        {
            "predicate": {
                "pulling": 1,
                "pull": 0.3
            },
            "model": "item/bow_pulling_1"
        },
        {
            "predicate": {
                "pulling": 1,
                "pull": 0.3
            },
            "model": "item/bow_pulling_2"
        }
	]
}