{
	"credit": "Made with Blockbench",
	"textures": {
		"0": "block/3dmodel/maskgas_front",
		"1": "block/3dmodel/maskgas_side"
	},
	"elements": [
		{
			"from": [0.5, 5, 0],
			"to": [1, 6.5, 15.5],
			"faces": {
				"east": {"uv": [16, 9.5, 0, 11], "texture": "#1"},
				"west": {"uv": [16, 9.5, 0, 11], "rotation": 180, "texture": "#1"},
				"up": {"uv": [16, 9.5, 0, 10], "rotation": 270, "texture": "#1"},
				"down": {"uv": [16, 9.5, 0, 10], "rotation": 90, "texture": "#1"}
			}
		},
		{
			"from": [0.5, 10, 0],
			"to": [1, 11.5, 15.5],
			"faces": {
				"east": {"uv": [16, 4.5, 0, 6], "texture": "#1"},
				"west": {"uv": [16, 4.5, 0, 6], "rotation": 180, "texture": "#1"},
				"up": {"uv": [16, 9.5, 0, 10], "rotation": 270, "texture": "#1"},
				"down": {"uv": [16, 9.5, 0, 10], "rotation": 270, "texture": "#1"}
			}
		},
		{
			"from": [15, 5, 0],
			"to": [15.5, 6.5, 15.5],
			"faces": {
				"east": {"uv": [16, 9.5, 0, 11], "texture": "#1"},
				"west": {"uv": [16, 9.5, 0, 11], "rotation": 180, "texture": "#1"},
				"up": {"uv": [16, 9.5, 0, 10], "rotation": 270, "texture": "#1"},
				"down": {"uv": [16, 9.5, 0, 10], "rotation": 90, "texture": "#1"}
			}
		},
		{
			"from": [15, 10, 0],
			"to": [15.5, 11.5, 15.5],
			"faces": {
				"east": {"uv": [16, 4.5, 0, 6], "texture": "#1"},
				"west": {"uv": [16, 4.5, 0, 6], "rotation": 180, "texture": "#1"},
				"up": {"uv": [16, 9.5, 0, 10], "rotation": 270, "texture": "#1"},
				"down": {"uv": [16, 9.5, 0, 10], "rotation": 270, "texture": "#1"}
			}
		},
		{
			"from": [0.5, 5, 15],
			"to": [15.5, 6.5, 15.5],
			"faces": {
				"north": {"uv": [16, 9.5, 0, 11], "rotation": 180, "texture": "#1"},
				"south": {"uv": [16, 9.5, 0, 11], "texture": "#1"},
				"up": {"uv": [16, 9.5, 0, 10], "texture": "#1"},
				"down": {"uv": [16, 9.5, 0, 10], "texture": "#1"}
			}
		},
		{
			"from": [0.5, 10, 15],
			"to": [15.5, 11.5, 15.5],
			"faces": {
				"north": {"uv": [16, 4.5, 0, 6], "rotation": 180, "texture": "#1"},
				"south": {"uv": [16, 4.5, 0, 6], "texture": "#1"},
				"up": {"uv": [16, 9.5, 0, 10], "texture": "#1"},
				"down": {"uv": [16, 9.5, 0, 10], "rotation": 180, "texture": "#1"}
			}
		},
		{
			"from": [0, 0, 0],
			"to": [16, 16, 12],
			"faces": {
				"north": {"uv": [0, 0, 16, 16], "texture": "#0"}
			}
		},
		{
			"from": [6, 0, -1],
			"to": [10, 5, 0],
			"faces": {
				"north": {"uv": [6, 11, 10, 16], "texture": "#0"},
				"east": {"uv": [9, 11, 10, 16], "rotation": 180, "texture": "#0"},
				"west": {"uv": [9, 11, 10, 16], "texture": "#0"},
				"up": {"uv": [9, 11, 10, 16], "rotation": 90, "texture": "#0"},
				"down": {"uv": [9, 11, 10, 16], "rotation": 90, "texture": "#0"}
			}
		},
		{
			"from": [5.5, 0.5, -1],
			"to": [10.5, 4.5, 0],
			"faces": {
				"north": {"uv": [5.5, 11.5, 10.5, 15.5], "texture": "#0"},
				"east": {"uv": [9, 11, 10, 16], "rotation": 180, "texture": "#0"},
				"west": {"uv": [9, 11, 10, 16], "texture": "#0"},
				"up": {"uv": [9, 11, 10, 16], "rotation": 90, "texture": "#0"},
				"down": {"uv": [9, 11, 10, 16], "rotation": 90, "texture": "#0"}
			}
		},
		{
			"from": [0, 0, -11.5],
			"to": [16, 16, 0.5],
			"faces": {
				"south": {"uv": [0, 0, 16, 16], "texture": "#0"}
			}
		}
	],
	"display": {
		"thirdperson_righthand": {
			"rotation": [74, 0, 0],
			"translation": [0, 0.75, 2],
			"scale": [0.3, 0.3, 0.3]
		},
		"thirdperson_lefthand": {
			"rotation": [74, 0, 0],
			"translation": [0, 0.75, 2],
			"scale": [0.3, 0.3, 0.3]
		},
		"firstperson_righthand": {
			"rotation": [-7, 102, -15],
			"translation": [2, 3.25, 0],
			"scale": [0.4, 0.4, 0.17]
		},
		"firstperson_lefthand": {
			"rotation": [-7, 124, -15],
			"translation": [0.25, 3.25, 0],
			"scale": [0.4, 0.4, 0.4]
		},
		"ground": {
			"translation": [0, 2.25, 0],
			"scale": [0.3, 0.3, 0.3]
		},
		"gui": {
			"rotation": [-3, 180, 0],
			"translation": [0.5, 0, 0],
			"scale": [0.9, 0.9, 0.9]
		},
		"head": {
			"translation": [0, 0, 0.25]
		},
		"fixed": {
			"translation": [0, 0.5, 0],
			"scale": [1, 1, 0.13]
		}
	}
}