{
	"credit": "Made with Blockbench",
	"textures": {
		"0": "block/3dmodel/knife",
		"2": "block/polished_andesite",
		"4": "block/3dmodel/metal_weapon5",
		"particle": "block/3dmodel/knife"
	},
	"elements": [
		{
			"name": "Trigger",
			"from": [7.04973, 9.8, 5.2],
			"to": [8.94973, 11.3, 9.9],
			"faces": {
				"north": {"uv": [11.8, 2.5, 7.5, 5.65], "texture": "#0"},
				"east": {"uv": [11.55, 2.5, 2.5, 5.65], "texture": "#0"},
				"south": {"uv": [2.5, 0.5, 11.55, 6.4], "texture": "#0"},
				"west": {"uv": [2.5, 2.5, 11.55, 5.65], "texture": "#0"},
				"up": {"uv": [0, 0, 2, 1.3], "texture": "#0"},
				"down": {"uv": [3, 2.5, 11.8, 5.65], "rotation": 90, "texture": "#0"}
			}
		},
		{
			"name": "Trigger",
			"from": [7.89973, 8, 9.5],
			"to": [8.09973, 8.2, 10.6],
			"faces": {
				"north": {"uv": [5.25, 8, 6.299, 9.15], "texture": "#2"},
				"east": {"uv": [5.25, 8, 9.299, 9.15], "texture": "#2"},
				"south": {"uv": [5.25, 8, 6.299, 9.15], "texture": "#2"},
				"west": {"uv": [5.25, 8, 9.299, 9.15], "texture": "#2"},
				"up": {"uv": [5.25, 8, 9.299, 9.15], "rotation": 90, "texture": "#2"},
				"down": {"uv": [5.25, 8, 9.299, 9.15], "rotation": 90, "texture": "#2"}
			}
		},
		{
			"name": "Trigger",
			"from": [7.49973, 7, 9.4],
			"to": [8.49973, 7.4, 12],
			"faces": {
				"north": {"uv": [0, 0, 1, 0.4], "texture": "#0"},
				"east": {"uv": [0, 0, 3.8, 0.4], "texture": "#0"},
				"south": {"uv": [0, 0, 1, 0.4], "texture": "#0"},
				"west": {"uv": [0, 0, 3.8, 0.4], "texture": "#0"},
				"up": {"uv": [0, 0, 1, 3.8], "texture": "#0"},
				"down": {"uv": [0, 0, 1, 3.8], "texture": "#0"}
			}
		},
		{
			"name": "Trigger",
			"from": [7.04973, 9.8, 9.9],
			"to": [8.94973, 11.3, 15.7],
			"faces": {
				"north": {"uv": [0, 0, 1, 0.4], "texture": "#0"},
				"east": {"uv": [3, 2.5, 11.8, 5.65], "texture": "#0"},
				"south": {"uv": [3, 2.5, 11.8, 5.65], "texture": "#0"},
				"west": {"uv": [11.8, 2.5, 3, 5.65], "texture": "#0"},
				"up": {"uv": [0, 0, 1, 8.8], "texture": "#0"},
				"down": {"uv": [3, 2.5, 11.8, 5.65], "rotation": 90, "texture": "#0"}
			}
		},
		{
			"name": "Trigger",
			"from": [7.49973, 7.4, 11.6],
			"to": [8.49973, 10.2, 12],
			"faces": {
				"north": {"uv": [0, 0, 1, 2.8], "texture": "#0"},
				"east": {"uv": [0, 0, 0.4, 2.8], "texture": "#0"},
				"south": {"uv": [0, 0, 1, 2.8], "texture": "#0"},
				"west": {"uv": [0, 0, 0.4, 2.8], "texture": "#0"},
				"up": {"uv": [0, 0, 1, 0.4], "texture": "#0"},
				"down": {"uv": [0, 0, 1, 0.4], "texture": "#0"}
			}
		},
		{
			"name": "Trigger",
			"from": [7.79973, 8.2, 9.4],
			"to": [8.19973, 11.6, 10.2],
			"faces": {
				"north": {"uv": [0, 0, 0.4, 3.4], "texture": "#0"},
				"east": {"uv": [10, 8, 11.299, 12.4], "texture": "#2"},
				"south": {"uv": [9, 8, 9.799, 12.4], "rotation": 180, "texture": "#2"},
				"west": {"uv": [10, 8, 11.299, 12.4], "texture": "#2"},
				"up": {"uv": [0, 0, 0.4, 1.3], "texture": "#0"},
				"down": {"uv": [0, 0, 0.4, 1.3], "texture": "#0"}
			}
		},
		{
			"name": "Body",
			"from": [6.75, 11.3, 9.4],
			"to": [9.25, 11.8, 20.2],
			"faces": {
				"north": {"uv": [10, 13, 4, 14], "texture": "#0"},
				"east": {"uv": [2, 5, 1.5, 15], "rotation": 270, "texture": "#0"},
				"south": {"uv": [10, 13, 4, 14], "texture": "#0"},
				"west": {"uv": [2, 5, 1.5, 15], "rotation": 270, "texture": "#0"},
				"up": {"uv": [4.5, 5, 1.5, 15], "texture": "#0"},
				"down": {"uv": [4.5, 5, 1.5, 15], "texture": "#0"}
			}
		},
		{
			"name": "Trigger",
			"from": [7.50973, 7.1, 8.75],
			"to": [8.48973, 7.93, 9.13],
			"rotation": {"angle": -45, "axis": "x", "origin": [7.99973, 7.72478, 9.139]},
			"faces": {
				"north": {"uv": [0, 0, 1, 0.8], "rotation": 180, "texture": "#0"},
				"east": {"uv": [0, 0, 0.8, 0.4], "rotation": 90, "texture": "#0"},
				"south": {"uv": [0, 0, 1, 0.8], "texture": "#0"},
				"west": {"uv": [0, 0, 0.8, 0.4], "rotation": 270, "texture": "#0"},
				"up": {"uv": [0, 0, 1, 0.4], "texture": "#0"},
				"down": {"uv": [0, 0, 1, 0.4], "rotation": 180, "texture": "#0"}
			}
		},
		{
			"name": "Mag",
			"from": [7.09973, 1.7, 5.5],
			"to": [8.89973, 2.7, 7.9],
			"rotation": {"angle": 22.5, "axis": "x", "origin": [7.99973, 8, 8]},
			"faces": {
				"north": {"uv": [1, 1.25, 6.25, 14.349], "texture": "#4"},
				"east": {"uv": [6.25, 9, 1, 14.349], "texture": "#4"},
				"south": {"uv": [1.75, 1.25, 6, 14.099], "texture": "#4"},
				"west": {"uv": [1, 9, 6.25, 14.349], "texture": "#4"},
				"up": {"uv": [1, 3.25, 6.25, 11.349], "texture": "#4"},
				"down": {"uv": [1, 3.25, 6.25, 11.349], "texture": "#4"}
			}
		},
		{
			"name": "Body",
			"from": [7.19973, 10.3, 6.1],
			"to": [8.79973, 14.2, 8.5],
			"faces": {
				"north": {"uv": [10.55, 6.25, 6.25, 11.4], "texture": "#0"},
				"east": {"uv": [8.05, 6.25, 6.25, 11.4], "texture": "#0"},
				"south": {"uv": [3, 4, 10, 8], "texture": "#0"},
				"west": {"uv": [8.05, 6.25, 6.25, 11.4], "texture": "#0"},
				"up": {"uv": [4, 0, 6, 2.65], "texture": "#0"},
				"down": {"uv": [0, 0, 2, 8], "texture": "#0"}
			}
		},
		{
			"name": "Body",
			"from": [7.21973, 10.42, 4.62],
			"to": [8.77973, 12.18, 6.98],
			"faces": {
				"north": {"uv": [10.05, 7, 6.75, 13.15], "texture": "#0"},
				"east": {"uv": [10.55, 6.25, 6.25, 11.4], "texture": "#0"},
				"south": {"uv": [3, 4, 10, 8], "texture": "#0"},
				"west": {"uv": [10.55, 6.25, 6.25, 11.4], "texture": "#0"},
				"up": {"uv": [4.25, 2, 6.25, 7.4], "texture": "#0"},
				"down": {"uv": [4.25, 2, 6.25, 7.4], "texture": "#0"}
			}
		},
		{
			"name": "Body",
			"from": [7.54973, 12.2, 5],
			"to": [8.44973, 14.4, 5.6],
			"rotation": {"angle": -45, "axis": "x", "origin": [7.99973, 13.3, 5.9]},
			"faces": {
				"north": {"uv": [8.25, 6.25, 14.15, 14.5], "texture": "#2"},
				"east": {"uv": [11, 6.25, 14.15, 14.5], "texture": "#2"},
				"south": {"uv": [8.25, 6.25, 14.15, 14.5], "texture": "#2"},
				"west": {"uv": [11, 6.25, 14.15, 14.5], "texture": "#2"},
				"up": {"uv": [8.25, 6.25, 14.15, 14.5], "texture": "#2"},
				"down": {"uv": [8.25, 6.25, 14.15, 14.5], "texture": "#2"}
			}
		},
		{
			"name": "Trigger",
			"from": [7.49973, 7.6, 8.7],
			"to": [8.49973, 10.4, 9.1],
			"faces": {
				"north": {"uv": [0, 0, 1, 2.8], "texture": "#0"},
				"east": {"uv": [0, 0, 0.4, 2.8], "texture": "#0"},
				"south": {"uv": [0, 0, 1, 2.8], "texture": "#0"},
				"west": {"uv": [0, 0, 0.4, 2.8], "texture": "#0"},
				"up": {"uv": [0, 0, 1, 0.4], "texture": "#0"},
				"down": {"uv": [0, 0, 1, 0.4], "texture": "#0"}
			}
		},
		{
			"name": "Body",
			"from": [7.59973, 13.7, 4.5],
			"to": [8.39973, 14.5, 5.3],
			"rotation": {"angle": -45, "axis": "x", "origin": [7.99973, 13.3, 5.9]},
			"faces": {
				"north": {"uv": [8.25, 6.25, 14.15, 14.5], "texture": "#2"},
				"east": {"uv": [11, 6.25, 14.15, 14.5], "texture": "#2"},
				"south": {"uv": [8.25, 6.25, 14.15, 14.5], "texture": "#2"},
				"west": {"uv": [11, 6.25, 14.15, 14.5], "texture": "#2"},
				"up": {"uv": [8.25, 6.25, 14.15, 14.5], "texture": "#2"},
				"down": {"uv": [8.25, 6.25, 14.15, 14.5], "texture": "#2"}
			}
		},
		{
			"name": "Mag",
			"from": [7.08973, 2.39, 4.2892],
			"to": [8.90973, 10.41, 7.0092],
			"rotation": {"angle": 22.5, "axis": "x", "origin": [7.99973, 5.69709, 6.74916]},
			"faces": {
				"north": {"uv": [1, 1.25, 6.25, 14.349], "texture": "#4"},
				"east": {"uv": [6, 1.25, 1, 13.099], "texture": "#4"},
				"south": {"uv": [1.75, 3.25, 2.5, 14.099], "texture": "#4"},
				"west": {"uv": [1, 1.25, 6, 13.099], "texture": "#4"},
				"down": {"uv": [1, 3.25, 6.25, 11.349], "texture": "#4"}
			}
		},
		{
			"name": "Mag",
			"from": [7.20078, 2.4, 5.5],
			"to": [8.80078, 6.2, 7],
			"faces": {
				"north": {"uv": [1, 1.25, 6.25, 14.349], "texture": "#4"},
				"east": {"uv": [6, 2, 1, 13.599], "texture": "#4"},
				"south": {"uv": [1.75, 1.25, 6, 14.099], "texture": "#4"},
				"west": {"uv": [1, 2, 6, 11.599], "texture": "#4"},
				"up": {"uv": [1, 3.25, 6.25, 11.349], "texture": "#4"},
				"down": {"uv": [1, 3.25, 6.25, 11.349], "texture": "#4"}
			}
		},
		{
			"name": "Mag",
			"from": [7.10078, 2.8, 6.1],
			"to": [8.90078, 4.8, 7.5],
			"faces": {
				"north": {"uv": [1, 1.25, 6.25, 14.349], "texture": "#4"},
				"east": {"uv": [6, 1.25, 1, 13.599], "texture": "#4"},
				"south": {"uv": [1.75, 1.25, 6, 14.099], "texture": "#4"},
				"west": {"uv": [1, 2, 6, 11.599], "texture": "#4"},
				"up": {"uv": [1, 3.25, 6.25, 11.349], "texture": "#4"},
				"down": {"uv": [1, 3.25, 6.25, 11.349], "texture": "#4"}
			}
		},
		{
			"name": "Mag",
			"from": [7.15078, 3.85, 6.35],
			"to": [8.85078, 5.75, 7.65],
			"faces": {
				"north": {"uv": [1, 1.25, 6.25, 14.349], "texture": "#4"},
				"east": {"uv": [6, 1.25, 1, 14.349], "texture": "#4"},
				"south": {"uv": [1.75, 1.25, 6, 14.099], "texture": "#4"},
				"west": {"uv": [1, 2, 6, 11.599], "texture": "#4"},
				"up": {"uv": [0, 0, 0.2, 3], "texture": "#missing"},
				"down": {"uv": [1, 3.25, 6.25, 11.349], "texture": "#4"}
			}
		},
		{
			"name": "Mag",
			"from": [7.10078, 4.8, 6.5],
			"to": [8.90078, 6.8, 7.9],
			"faces": {
				"north": {"uv": [1, 1.25, 6.25, 14.349], "texture": "#4"},
				"east": {"uv": [6, 2, 1, 11.599], "texture": "#4"},
				"south": {"uv": [1.75, 1.25, 6, 14.099], "texture": "#4"},
				"west": {"uv": [1, 2, 6, 11.599], "texture": "#4"},
				"up": {"uv": [1, 3.25, 6.25, 11.349], "texture": "#4"},
				"down": {"uv": [1, 3.25, 6.25, 11.349], "texture": "#4"}
			}
		},
		{
			"name": "Mag",
			"from": [7.15078, 5.85, 6.75],
			"to": [8.85078, 7.75, 8.05],
			"faces": {
				"north": {"uv": [1, 1.25, 6.25, 14.349], "texture": "#4"},
				"east": {"uv": [6, 1.25, 1, 11.599], "texture": "#4"},
				"south": {"uv": [1.75, 1.25, 6, 14.099], "texture": "#4"},
				"west": {"uv": [1, 2, 6, 11.599], "texture": "#4"},
				"up": {"uv": [0, 0, 0.2, 3], "texture": "#missing"},
				"down": {"uv": [1, 3.25, 6.25, 11.349], "texture": "#4"}
			}
		},
		{
			"name": "Mag",
			"from": [7.10078, 6.8, 6.9],
			"to": [8.90078, 8.8, 8.3],
			"faces": {
				"north": {"uv": [1, 1.25, 6.25, 14.349], "texture": "#4"},
				"east": {"uv": [6, 1.25, 1, 11.599], "texture": "#4"},
				"south": {"uv": [1.75, 1.25, 6, 14.099], "texture": "#4"},
				"west": {"uv": [1, 2, 6, 11.599], "texture": "#4"},
				"up": {"uv": [1, 3.25, 6.25, 11.349], "texture": "#4"},
				"down": {"uv": [1, 3.25, 6.25, 11.349], "texture": "#4"}
			}
		},
		{
			"name": "Mag",
			"from": [7.15078, 7.85, 7.15],
			"to": [8.85078, 9.75, 8.45],
			"faces": {
				"north": {"uv": [1, 1.25, 6.25, 14.349], "texture": "#4"},
				"east": {"uv": [6, 1.25, 1, 11.599], "texture": "#4"},
				"south": {"uv": [1.75, 1.25, 6, 14.099], "texture": "#4"},
				"west": {"uv": [1, 2, 6, 11.599], "texture": "#4"},
				"up": {"uv": [0, 0, 0.2, 3], "texture": "#missing"},
				"down": {"uv": [1, 3.25, 6.25, 11.349], "texture": "#4"}
			}
		},
		{
			"name": "Mag",
			"from": [7.10078, 8.8, 7.3],
			"to": [8.90078, 10.8, 8.7],
			"faces": {
				"north": {"uv": [1, 1.25, 6.25, 14.349], "texture": "#4"},
				"east": {"uv": [6, 1.25, 1, 11.599], "texture": "#4"},
				"south": {"uv": [1.75, 1.25, 6, 14.099], "texture": "#4"},
				"west": {"uv": [1, 2, 6, 11.599], "texture": "#4"},
				"up": {"uv": [1, 3.25, 6.25, 11.349], "texture": "#4"},
				"down": {"uv": [1, 3.25, 6.25, 11.349], "texture": "#4"}
			}
		},
		{
			"name": "Body",
			"from": [6.3, 11.8, 9.4],
			"to": [6.8, 14.3, 20.2],
			"faces": {
				"north": {"uv": [7.5, 14, 1.5, 15], "rotation": 90, "texture": "#0"},
				"east": {"uv": [4.5, 5, 1.5, 15], "rotation": 270, "texture": "#0"},
				"south": {"uv": [7.5, 14, 1.5, 15], "rotation": 90, "texture": "#0"},
				"west": {"uv": [4.5, 5, 1.5, 15], "rotation": 270, "texture": "#0"},
				"up": {"uv": [2, 5, 1.5, 15], "texture": "#0"},
				"down": {"uv": [2, 5, 1.5, 15], "texture": "#0"}
			}
		},
		{
			"name": "Body",
			"from": [6.75, 14.3, 9.4],
			"to": [9.25, 14.8, 20.2],
			"faces": {
				"north": {"uv": [10, 13, 4, 14], "texture": "#0"},
				"east": {"uv": [2, 5, 1.5, 15], "rotation": 270, "texture": "#0"},
				"south": {"uv": [10, 13, 4, 14], "texture": "#0"},
				"west": {"uv": [2, 5, 1.5, 15], "rotation": 270, "texture": "#0"},
				"up": {"uv": [4.5, 5, 1.5, 15], "texture": "#0"},
				"down": {"uv": [4.5, 5, 1.5, 15], "texture": "#0"}
			}
		},
		{
			"name": "Body",
			"from": [9.2, 11.8, 9.4],
			"to": [9.7, 14.3, 20.2],
			"faces": {
				"north": {"uv": [7.5, 14, 1.5, 15], "rotation": 90, "texture": "#0"},
				"east": {"uv": [4.5, 1.75, 1.5, 15], "rotation": 270, "texture": "#0"},
				"south": {"uv": [7.5, 14, 1.5, 15], "rotation": 90, "texture": "#0"},
				"west": {"uv": [4.5, 5, 1.5, 15], "rotation": 270, "texture": "#0"},
				"up": {"uv": [2, 5, 1.5, 15], "texture": "#0"},
				"down": {"uv": [2, 5, 1.5, 15], "texture": "#0"}
			}
		},
		{
			"name": "Body",
			"from": [6.85, 11, 6.8],
			"to": [9.15, 14.5, 9.8],
			"faces": {
				"north": {"uv": [3, 10, 6.9, 12.5], "texture": "#0"},
				"east": {"uv": [6.9, 10, 3, 12.5], "texture": "#0"},
				"south": {"uv": [3, 4, 10, 8], "texture": "#0"},
				"west": {"uv": [3, 10, 6.9, 12.5], "texture": "#0"},
				"up": {"uv": [3, 10, 6.9, 12.5], "rotation": 90, "texture": "#0"},
				"down": {"uv": [3, 10, 6.9, 12.5], "rotation": 270, "texture": "#0"}
			}
		}
	],
	"display": {
		"thirdperson_righthand": {
			"rotation": [-180, 11, 180],
			"translation": [0, -0.65, -0.5],
			"scale": [0.55, 0.55, 0.6]
		},
		"firstperson_righthand": {
			"rotation": [-174, 23, 176],
			"translation": [18, -1.75, -5.25]
		},
		"ground": {
			"translation": [0, 2.5, 0],
			"scale": [0.5, 0.5, 0.5]
		},
		"gui": {
			"rotation": [-90, 60, 100],
			"translation": [-2.45, -3, 0],
			"scale": [0.08, 0.88, 0.94]
		},
		"fixed": {
			"rotation": [0, 90, 0],
			"translation": [-4, -1, -1.5]
		}
	}
}