{
	"credit": "Made with Blockbench",
	"textures": {
		"0": "block/3dmodel/skin2",
		"1": "block/3dmodel/lee3",
		"3": "block/3dmodel/metal_weapon",
		"4": "block/3dmodel/metal_weapon3",
		"6": "block/3dmodel/Decorative_weapon",
		"particle": "block/3dmodel/metal_weapon"
	},
	"elements": [
		{
			"name": "Back",
			"from": [6.98958, 1.2, -9.1],
			"to": [9.00958, 5.6, -7.58],
			"faces": {
				"north": {"uv": [0, 4.5, 5.3, 13.599], "texture": "#0"},
				"east": {"uv": [0, 4.5, 5.3, 13.599], "texture": "#0"},
				"south": {"uv": [0, 0, 2, 2.2], "texture": "#0"},
				"west": {"uv": [0, 4.5, 5.3, 13.599], "texture": "#0"},
				"up": {"uv": [0, 0, 8.55, 3.6], "rotation": 90, "texture": "#0"},
				"down": {"uv": [0, 0, 2, 2.5], "texture": "#0"}
			}
		},
		{
			"name": "Back",
			"from": [7.00968, 3.51, -9],
			"to": [8.98968, 6.59, -2.9],
			"faces": {
				"north": {"uv": [0.25, 0.75, 5.55, 6.599], "texture": "#0"},
				"east": {"uv": [0, 0, 13.3, 9.1], "texture": "#0"},
				"south": {"uv": [0, 0, 2, 3.1], "texture": "#0"},
				"west": {"uv": [0, 0, 13.3, 9.1], "texture": "#0"},
				"up": {"uv": [0, 5.5, 15.8, 10.349], "rotation": 90, "texture": "#0"},
				"down": {"uv": [0, 0, 2, 3.9], "texture": "#0"}
			}
		},
		{
			"name": "Back",
			"from": [7.00968, 4.61, -2.89],
			"to": [8.98968, 6.79, -0.11],
			"faces": {
				"north": {"uv": [0, 0, 6.8, 4.6], "rotation": 90, "texture": "#0"},
				"east": {"uv": [0, 0, 9.3, 7.1], "texture": "#0"},
				"south": {"uv": [0, 0, 8.55, 3.6], "rotation": 90, "texture": "#0"},
				"west": {"uv": [0, 0, 9.3, 7.1], "texture": "#0"},
				"up": {"uv": [0, 5.5, 9.8, 10.349], "rotation": 90, "texture": "#0"},
				"down": {"uv": [0, 0, 2, 2.8], "texture": "#0"}
			}
		},
		{
			"name": "Back",
			"from": [7.02068, 5.32, -0.48],
			"to": [8.98068, 6.68, 0.88],
			"rotation": {"angle": 22.5, "axis": "x", "origin": [8.00068, 5.80797, -0.13173]},
			"faces": {
				"north": {"uv": [0, 0, 6.8, 4.6], "rotation": 90, "texture": "#0"},
				"east": {"uv": [0, 0, 4.55, 4.1], "texture": "#0"},
				"south": {"uv": [0, 0, 2, 1.4], "texture": "#0"},
				"west": {"uv": [0, 0, 4.55, 4.1], "texture": "#0"},
				"up": {"uv": [0, 5.25, 5.55, 10.099], "rotation": 90, "texture": "#0"},
				"down": {"uv": [0, 0, 2, 1.4], "texture": "#0"}
			}
		},
		{
			"name": "Frame",
			"from": [7.001, 6.3, 4.8],
			"to": [9.001, 7.9, 13.6],
			"faces": {
				"north": {"uv": [0, 0, 8.55, 3.6], "rotation": 90, "texture": "#0"},
				"east": {"uv": [0, 7.75, 15.8, 13.599], "texture": "#0"},
				"south": {"uv": [0, 9.5, 7.05, 13.599], "texture": "#0"},
				"west": {"uv": [15.8, 7.75, 0, 13.599], "texture": "#0"},
				"up": {"uv": [0, 5.5, 15.8, 10.349], "rotation": 90, "texture": "#0"},
				"down": {"uv": [0, 11.75, 15.8, 15.849], "rotation": 90, "texture": "#0"}
			}
		},
		{
			"name": "Barrel",
			"from": [7.2, 6.9, 13.5],
			"to": [8.8, 7.5, 24.3],
			"faces": {
				"north": {"uv": [0, 0, 0.6, 0.6], "texture": "#0"},
				"east": {"uv": [15.8, 9.5, 0, 13.099], "texture": "#0"},
				"south": {"uv": [0, 9, 10.3, 12.1], "texture": "#0"},
				"west": {"uv": [0, 4.5, 15.8, 7.1], "texture": "#0"},
				"up": {"uv": [0, 0, 0.6, 12], "texture": "#0"},
				"down": {"uv": [0, 11.75, 12.3, 15.849], "rotation": 90, "texture": "#0"}
			}
		},
		{
			"name": "Barrel",
			"from": [7.2, 7.5, 17.9],
			"to": [8.8, 8.3, 24.3],
			"faces": {
				"north": {"uv": [0, 0, 0.8, 0.8], "texture": "#0"},
				"east": {"uv": [16, 0, 0.25, 4.849], "texture": "#0"},
				"south": {"uv": [0, 9, 10.3, 12.1], "texture": "#0"},
				"west": {"uv": [16, 0, 0.25, 4.849], "texture": "#0"},
				"up": {"uv": [0, 5.5, 15.8, 10.349], "rotation": 90, "texture": "#0"},
				"down": {"uv": [0, 0, 0.8, 13.1], "texture": "#0"}
			}
		},
		{
			"name": "Trigger",
			"from": [7.4, 4.4, 5.6],
			"to": [8.6, 4.6, 7.5],
			"faces": {
				"north": {"uv": [0, 0, 7.15, 1.05], "texture": "#4"},
				"east": {"uv": [0, 0, 7.15, 1.05], "texture": "#4"},
				"south": {"uv": [0, 0, 7.15, 1.05], "texture": "#4"},
				"west": {"uv": [0, 0, 7.15, 1.05], "texture": "#4"},
				"up": {"uv": [0, 0, 6.9, 3.05], "rotation": 90, "texture": "#4"},
				"down": {"uv": [0, 0, 6.9, 3.05], "rotation": 90, "texture": "#4"}
			}
		},
		{
			"name": "Trigger",
			"from": [7.59894, 5.31038, 6.19196],
			"to": [8.39894, 6.51038, 6.39196],
			"faces": {
				"north": {"uv": [0, 8.25, 1.5, 10], "rotation": 90, "texture": "#3"},
				"east": {"uv": [0, 8.25, 1.25, 9.5], "rotation": 90, "texture": "#3"},
				"south": {"uv": [0, 8.25, 1.5, 10], "rotation": 90, "texture": "#3"},
				"west": {"uv": [0, 8.25, 1.25, 9.5], "rotation": 90, "texture": "#3"},
				"up": {"uv": [0, 0, 2, 3.5], "texture": "#missing"},
				"down": {"uv": [0, 8.25, 1.25, 9.5], "texture": "#3"}
			}
		},
		{
			"name": "Trigger",
			"from": [7.61009, 5.25, 6.32],
			"to": [8.39009, 5.63, 6.5],
			"rotation": {"angle": -45, "axis": "x", "origin": [8.00009, 5.30768, 6.66157]},
			"faces": {
				"north": {"uv": [0, 8.25, 1.5, 10], "rotation": 270, "texture": "#3"},
				"east": {"uv": [0, 8.25, 1.25, 9.5], "rotation": 270, "texture": "#3"},
				"south": {"uv": [0, 8.25, 1.5, 10], "rotation": 90, "texture": "#3"},
				"west": {"uv": [0, 8.25, 1.25, 9.5], "rotation": 90, "texture": "#3"},
				"up": {"uv": [0, 8.25, 1.25, 9.5], "rotation": 180, "texture": "#3"},
				"down": {"uv": [0, 8.25, 1.25, 9.5], "texture": "#3"}
			}
		},
		{
			"name": "Barrel",
			"from": [7.58, 7.88, 20.98],
			"to": [8.42, 8.72, 30.62],
			"faces": {
				"north": {"uv": [0, 0, 0.8, 0.8], "texture": "#missing"},
				"east": {"uv": [0, 0, 4.4, 2.55], "texture": "#4"},
				"south": {"uv": [5.5, 2.75, 8.25, 5.5], "texture": "#6"},
				"west": {"uv": [0, 0, 4.4, 2.55], "texture": "#4"},
				"up": {"uv": [0, 0, 4.4, 2.55], "rotation": 90, "texture": "#4"},
				"down": {"uv": [0, 0, 4.4, 2.55], "rotation": 90, "texture": "#4"}
			}
		},
		{
			"name": "Trigger",
			"from": [7.41, 6.1, 7.9],
			"to": [8.61, 6.6, 12.4],
			"faces": {
				"north": {"uv": [9, 0, 7, 7.3], "texture": "#1"},
				"east": {"uv": [7.5, 0.5, 14, 7.8], "texture": "#1"},
				"south": {"uv": [9, 0, 7, 7.3], "texture": "#1"},
				"west": {"uv": [14, 0.5, 7.5, 7.8], "texture": "#1"},
				"down": {"uv": [12.5, 6, 10.5, 9.8], "texture": "#1"}
			}
		},
		{
			"name": "Trigger",
			"from": [7.4, 4.7, 7.55],
			"to": [8.6, 7.2, 7.75],
			"faces": {
				"north": {"uv": [0, 0, 6.9, 3.05], "rotation": 90, "texture": "#4"},
				"east": {"uv": [0, 0, 7.15, 1.05], "rotation": 90, "texture": "#4"},
				"south": {"uv": [0, 0, 6.9, 3.05], "rotation": 90, "texture": "#4"},
				"west": {"uv": [0, 0, 6.9, 0.8], "rotation": 90, "texture": "#4"},
				"up": {"uv": [0, 0, 2, 3.5], "texture": "#missing"},
				"down": {"uv": [0, 0, 7.15, 1.05], "texture": "#4"}
			}
		},
		{
			"name": "Barrel",
			"from": [7.7, 7.2, 24.7],
			"to": [8.3, 8.5, 27.1],
			"faces": {
				"north": {"uv": [0, 0, 1, 1.7], "texture": "#missing"},
				"east": {"uv": [0, 0, 4.4, 2.55], "texture": "#4"},
				"south": {"uv": [0, 0, 1.9, 2.55], "texture": "#4"},
				"west": {"uv": [0, 0, 4.4, 2.55], "texture": "#4"},
				"up": {"uv": [0, 0, 4.4, 2.55], "rotation": 90, "texture": "#4"},
				"down": {"uv": [0, 0, 4.4, 2.55], "rotation": 90, "texture": "#4"}
			}
		},
		{
			"name": "Barrel",
			"from": [7.7, 8.4, 28.3],
			"to": [8.3, 9, 30.1],
			"faces": {
				"north": {"uv": [0, 0, 0.9, 1.3], "texture": "#4"},
				"east": {"uv": [0, 0, 0.9, 1.3], "texture": "#4"},
				"south": {"uv": [0, 0, 0.9, 1.3], "texture": "#4"},
				"west": {"uv": [0, 0, 0.9, 1.3], "texture": "#4"},
				"up": {"uv": [0, 0, 0.9, 1.3], "texture": "#4"},
				"down": {"uv": [0, 0, 0.6, 0.8], "texture": "#missing"}
			}
		},
		{
			"name": "Cube",
			"from": [7.7, 9, 29.3],
			"to": [8.3, 9.6, 29.4],
			"faces": {
				"north": {"uv": [0, 0, 0.9, 1.3], "texture": "#4"},
				"east": {"uv": [0, 0, 0.9, 1.3], "texture": "#4"},
				"south": {"uv": [0, 0, 0.9, 1.3], "texture": "#4"},
				"west": {"uv": [0, 0, 0.9, 1.3], "texture": "#4"},
				"up": {"uv": [0, 0, 0.6, 0.1], "texture": "#missing"},
				"down": {"uv": [0, 0, 0.6, 0.1], "texture": "#missing"}
			}
		},
		{
			"name": "Barrel",
			"from": [7.7, 9, 30],
			"to": [8.3, 9.6, 30.1],
			"faces": {
				"north": {"uv": [0, 0, 0.9, 1.3], "texture": "#4"},
				"east": {"uv": [0, 0, 0.9, 1.3], "texture": "#4"},
				"south": {"uv": [0, 0, 0.9, 1.3], "texture": "#4"},
				"west": {"uv": [0, 0, 0.9, 1.3], "texture": "#4"},
				"up": {"uv": [0, 0, 0.6, 0.1], "texture": "#missing"},
				"down": {"uv": [0, 0, 0.6, 0.1], "texture": "#missing"}
			}
		},
		{
			"name": "Barrel",
			"from": [7.7, 9.6, 29.3],
			"to": [8.3, 9.7, 30.1],
			"faces": {
				"north": {"uv": [0, 0, 0.9, 1.3], "rotation": 90, "texture": "#4"},
				"east": {"uv": [0, 0, 0.9, 1.3], "rotation": 90, "texture": "#4"},
				"south": {"uv": [0, 0, 0.9, 1.3], "rotation": 90, "texture": "#4"},
				"west": {"uv": [0, 0, 0.9, 1.3], "rotation": 90, "texture": "#4"},
				"up": {"uv": [0, 0, 0.9, 1.3], "texture": "#4"},
				"down": {"uv": [0, 0, 0.9, 1.3], "texture": "#4"}
			}
		},
		{
			"name": "Barrel",
			"from": [7.4, 8.2, 18.5],
			"to": [8.6, 8.8, 21.6],
			"faces": {
				"north": {"uv": [0, 0, 0.8, 0.8], "texture": "#0"},
				"east": {"uv": [0, 2, 8.3, 5.849], "texture": "#0"},
				"south": {"uv": [0, 9, 10.3, 12.1], "texture": "#0"},
				"west": {"uv": [8.3, 2, 0, 5.849], "texture": "#0"},
				"up": {"uv": [0, 5.25, 6.05, 10.099], "rotation": 90, "texture": "#0"},
				"down": {"uv": [0, 0, 0.8, 13.1], "texture": "#0"}
			}
		},
		{
			"name": "Frame",
			"from": [7.15, 6.85, 21.45],
			"to": [8.85, 8.95, 21.75],
			"faces": {
				"north": {"uv": [0, 0, 6.9, 3.05], "texture": "#4"},
				"east": {"uv": [0, 0, 0.65, 3.05], "texture": "#4"},
				"south": {"uv": [0, 0, 6.9, 3.05], "texture": "#4"},
				"west": {"uv": [0, 0, 0.65, 3.05], "texture": "#4"},
				"up": {"uv": [0, 0, 0.65, 3.05], "rotation": 90, "texture": "#4"},
				"down": {"uv": [0, 0, 0.65, 3.05], "rotation": 90, "texture": "#4"}
			}
		},
		{
			"name": "Barrel",
			"from": [5.3435, 8.1, 6.5],
			"to": [8.3435, 8.6, 7],
			"rotation": {"angle": -45, "axis": "z", "origin": [8, 8.5, 8]},
			"faces": {
				"north": {"uv": [0, 0, 4, 2], "texture": "#3"},
				"east": {"uv": [0, 7, 5, 8], "texture": "#1"},
				"south": {"uv": [0, 0, 4, 2], "texture": "#3"},
				"west": {"uv": [0, 7, 5, 8], "texture": "#1"},
				"up": {"uv": [0, 0, 4, 2], "texture": "#3"},
				"down": {"uv": [0, 0, 4, 2], "texture": "#3"}
			}
		},
		{
			"name": "Barrel",
			"from": [7.56, 7.9, 5.7],
			"to": [8.44, 8.78, 12.28],
			"faces": {
				"north": {"uv": [0, 8.25, 1, 10.25], "rotation": 90, "texture": "#3"},
				"east": {"uv": [0, 8.25, 2.5, 10.25], "texture": "#3"},
				"south": {"uv": [0, 8.25, 1, 10.25], "rotation": 90, "texture": "#3"},
				"west": {"uv": [0, 8.25, 2.5, 10.25], "texture": "#3"},
				"up": {"uv": [0, 8.25, 2.5, 10.25], "rotation": 90, "texture": "#3"},
				"down": {"uv": [0, 8.25, 16, 10.25], "rotation": 90, "texture": "#3"}
			}
		},
		{
			"name": "Barrel",
			"from": [5.32927, 7.959, 6.4],
			"to": [6.07927, 8.709, 7.15],
			"rotation": {"angle": -45, "axis": "z", "origin": [8, 8.5, 8]},
			"faces": {
				"north": {"uv": [0, 8.25, 1, 10.25], "texture": "#3"},
				"east": {"uv": [0, 8.25, 1, 10.25], "texture": "#3"},
				"south": {"uv": [0, 8.25, 1, 10.25], "rotation": 180, "texture": "#3"},
				"west": {"uv": [0, 8.25, 1, 10.25], "texture": "#3"},
				"up": {"uv": [0, 8.25, 1, 10.25], "rotation": 180, "texture": "#3"},
				"down": {"uv": [0, 8.25, 1, 10.25], "texture": "#3"}
			}
		},
		{
			"name": "Back",
			"from": [6.998, 7.7, -9],
			"to": [8.998, 9.2, 2.4],
			"rotation": {"angle": -22.5, "axis": "x", "origin": [8, 8, 8]},
			"faces": {
				"north": {"uv": [0, 0, 6.8, 4.6], "rotation": 90, "texture": "#0"},
				"east": {"uv": [0, 8.75, 15.8, 13.599], "texture": "#0"},
				"south": {"uv": [0, 0, 2, 1.3], "texture": "#0"},
				"west": {"uv": [15.8, 8.75, 0, 13.599], "texture": "#0"},
				"up": {"uv": [0, 5.5, 15.8, 10.349], "rotation": 90, "texture": "#0"},
				"down": {"uv": [0, 11.75, 15.8, 15.849], "rotation": 90, "texture": "#0"}
			}
		},
		{
			"name": "Frame",
			"from": [7, 7.7, 2.4],
			"to": [9, 9.1, 5],
			"rotation": {"angle": -22.5, "axis": "x", "origin": [8, 8, 8]},
			"faces": {
				"north": {"uv": [0, 0, 2, 1.3], "texture": "#0"},
				"east": {"uv": [0, 9.5, 5.55, 13.599], "texture": "#0"},
				"south": {"uv": [0, 0, 2, 1.3], "texture": "#0"},
				"west": {"uv": [5.55, 9.5, 0, 13.599], "texture": "#0"},
				"up": {"uv": [0, 5.5, 4.3, 10.349], "rotation": 90, "texture": "#0"},
				"down": {"uv": [0, 11.75, 5.55, 15.849], "rotation": 90, "texture": "#0"}
			}
		},
		{
			"name": "Hammer",
			"from": [7.21, 7.21, 12.21],
			"to": [8.79, 8.89, 13.61],
			"faces": {
				"north": {"uv": [0, 0, 6.9, 3.05], "texture": "#4"},
				"east": {"uv": [0, 0, 6.9, 2.3], "rotation": 90, "texture": "#4"},
				"south": {"uv": [0, 0, 6.9, 3.05], "texture": "#4"},
				"west": {"uv": [0, 0, 6.9, 2.3], "rotation": 90, "texture": "#4"},
				"up": {"uv": [0, 0, 6.9, 2.3], "texture": "#4"},
				"down": {"uv": [0, 0, 2.2, 1.9], "texture": "#missing"}
			}
		},
		{
			"name": "Hammer",
			"from": [7.55, 7.1, 8.6],
			"to": [8.45, 8, 13.4],
			"faces": {
				"north": {"uv": [0, 0, 1.25, 1.25], "texture": "#4"},
				"east": {"uv": [0, 0, 5.65, 1.05], "rotation": 90, "texture": "#4"},
				"south": {"uv": [0, 0, 1.25, 1.25], "texture": "#4"},
				"west": {"uv": [0, 0, 6.4, 1.8], "texture": "#4"},
				"up": {"uv": [0, 0, 5.65, 1.05], "rotation": 90, "texture": "#4"},
				"down": {"uv": [0, 0, 6.4, 1.8], "texture": "#4"}
			}
		},
		{
			"name": "Back",
			"from": [7.02968, 2.53, -8.77],
			"to": [8.96968, 5.57, -4.93],
			"faces": {
				"north": {"uv": [0, 0, 6.8, 4.6], "rotation": 90, "texture": "#0"},
				"east": {"uv": [0, 2.5, 10.8, 11.6], "texture": "#0"},
				"south": {"uv": [0, 0, 2, 3.1], "texture": "#0"},
				"west": {"uv": [0, 2.5, 10.8, 11.6], "texture": "#0"},
				"up": {"uv": [0, 0, 15.8, 4.6], "rotation": 90, "texture": "#0"},
				"down": {"uv": [0, 0, 2, 3.9], "texture": "#0"}
			}
		},
		{
			"name": "Hammer",
			"from": [7.21, 7.21, 7.7],
			"to": [8.79, 8.89, 9.1],
			"faces": {
				"north": {"uv": [0, 0, 6.9, 3.05], "texture": "#4"},
				"east": {"uv": [0, 0, 6.9, 2.3], "rotation": 90, "texture": "#4"},
				"south": {"uv": [0, 0, 6.9, 3.05], "texture": "#4"},
				"west": {"uv": [0, 0, 6.9, 2.3], "rotation": 90, "texture": "#4"},
				"up": {"uv": [0, 0, 6.9, 2.3], "texture": "#4"},
				"down": {"uv": [0, 0, 2.2, 1.9], "texture": "#missing"}
			}
		},
		{
			"name": "Barrel",
			"from": [7.46, 7.8, 5.6],
			"to": [8.54, 8.88, 6.38],
			"faces": {
				"north": {"uv": [0, 8.25, 1, 10.25], "rotation": 90, "texture": "#3"},
				"east": {"uv": [0, 8.25, 2.5, 10.25], "texture": "#3"},
				"south": {"uv": [0, 8.25, 1, 10.25], "rotation": 90, "texture": "#3"},
				"west": {"uv": [0, 8.25, 2.5, 10.25], "texture": "#3"},
				"up": {"uv": [0, 8.25, 2.5, 10.25], "rotation": 90, "texture": "#3"},
				"down": {"uv": [0, 8.25, 16, 10.25], "rotation": 90, "texture": "#3"}
			}
		},
		{
			"name": "Barrel",
			"from": [7.66, 8, 5.1],
			"to": [8.34, 8.68, 6.48],
			"faces": {
				"north": {"uv": [0, 8.25, 1, 10.25], "rotation": 90, "texture": "#3"},
				"east": {"uv": [0, 8.25, 2.5, 10.25], "texture": "#3"},
				"south": {"uv": [0, 8.25, 1, 10.25], "rotation": 90, "texture": "#3"},
				"west": {"uv": [0, 8.25, 2.5, 10.25], "texture": "#3"},
				"up": {"uv": [0, 8.25, 2.5, 10.25], "rotation": 90, "texture": "#3"},
				"down": {"uv": [0, 8.25, 16, 10.25], "rotation": 90, "texture": "#3"}
			}
		},
		{
			"name": "Frame",
			"from": [7.101, 6.4, 12.2],
			"to": [8.901, 7.8, 18.4],
			"faces": {
				"north": {"uv": [0, 0, 2, 1.8], "texture": "#0"},
				"east": {"uv": [0, 7.75, 15.8, 13.599], "texture": "#0"},
				"south": {"uv": [0, 9.5, 7.05, 13.599], "texture": "#0"},
				"west": {"uv": [15.8, 7.75, 0, 13.599], "texture": "#0"},
				"up": {"uv": [0, 5.5, 15.8, 10.349], "rotation": 90, "texture": "#0"},
				"down": {"uv": [0, 11.75, 12.55, 15.849], "rotation": 90, "texture": "#0"}
			}
		},
		{
			"name": "Hammer",
			"from": [8.4, 7.8, 8.6],
			"to": [8.7, 8.7, 12.4],
			"faces": {
				"north": {"uv": [0, 0, 1.25, 1.25], "texture": "#4"},
				"east": {"uv": [0.25, 13.75, 8.9, 15.8], "texture": "#4"},
				"south": {"uv": [0, 0, 1.25, 1.25], "texture": "#4"},
				"west": {"uv": [0.25, 13.75, 8.9, 15.8], "texture": "#4"},
				"up": {"uv": [0.25, 15.25, 8.9, 15.8], "rotation": 90, "texture": "#4"},
				"down": {"uv": [0, 0, 6.4, 1.8], "texture": "#4"}
			}
		},
		{
			"name": "Hammer",
			"from": [8.3, 8.5, 9.1],
			"to": [8.6, 8.8, 12.2],
			"rotation": {"angle": -45, "axis": "z", "origin": [8.55148, 8.65, 10.50018]},
			"faces": {
				"north": {"uv": [0, 0, 1.25, 1.25], "rotation": 90, "texture": "#4"},
				"east": {"uv": [0, 0, 6.4, 1.8], "rotation": 90, "texture": "#4"},
				"south": {"uv": [0, 0, 1.25, 1.25], "rotation": 270, "texture": "#4"},
				"west": {"uv": [0.25, 14.25, 8.9, 15.799], "texture": "#4"},
				"up": {"uv": [0.25, 14.25, 8.9, 15.799], "rotation": 90, "texture": "#4"},
				"down": {"uv": [0.25, 13.75, 8.9, 15.8], "rotation": 90, "texture": "#4"}
			}
		},
		{
			"name": "Barrel",
			"from": [7.46, 7.8, 7.1],
			"to": [8.54, 8.88, 7.88],
			"faces": {
				"north": {"uv": [0, 8.25, 1, 10.25], "rotation": 90, "texture": "#3"},
				"east": {"uv": [0, 8.25, 2.5, 10.25], "texture": "#3"},
				"south": {"uv": [0, 8.25, 1, 10.25], "rotation": 90, "texture": "#3"},
				"west": {"uv": [0, 8.25, 2.5, 10.25], "texture": "#3"},
				"up": {"uv": [0, 8.25, 2.5, 10.25], "rotation": 90, "texture": "#3"},
				"down": {"uv": [0, 8.25, 16, 10.25], "rotation": 90, "texture": "#3"}
			}
		},
		{
			"name": "Trigger",
			"from": [7.40401, 4.65, 7.5],
			"to": [8.60401, 4.85, 7.9],
			"rotation": {"angle": -45, "axis": "x", "origin": [8.00401, 4.50211, 7.79388]},
			"faces": {
				"north": {"uv": [0, 0, 7.15, 1.05], "texture": "#4"},
				"east": {"uv": [0, 0, 7.15, 1.05], "texture": "#4"},
				"south": {"uv": [0, 0, 7.15, 1.05], "texture": "#4"},
				"west": {"uv": [0, 0, 7.15, 1.05], "texture": "#4"},
				"up": {"uv": [0, 0, 6.9, 3.05], "rotation": 90, "texture": "#4"},
				"down": {"uv": [0, 0, 6.9, 3.05], "rotation": 90, "texture": "#4"}
			}
		},
		{
			"name": "Trigger",
			"from": [7.40401, 4.55, 5.59],
			"to": [8.60401, 4.95, 5.79],
			"rotation": {"angle": -45, "axis": "x", "origin": [8.00401, 4.50211, 5.79388]},
			"faces": {
				"north": {"uv": [0, 0, 6.9, 3.05], "rotation": 270, "texture": "#4"},
				"east": {"uv": [0, 0, 7.15, 1.05], "rotation": 90, "texture": "#4"},
				"south": {"uv": [0, 0, 6.9, 3.05], "rotation": 90, "texture": "#4"},
				"west": {"uv": [0, 0, 7.15, 1.05], "rotation": 270, "texture": "#4"},
				"up": {"uv": [0, 0, 7.15, 1.05], "texture": "#4"},
				"down": {"uv": [0, 0, 7.15, 1.05], "rotation": 180, "texture": "#4"}
			}
		},
		{
			"name": "Trigger",
			"from": [7.4, 4.7, 5.35],
			"to": [8.6, 7.2, 5.55],
			"faces": {
				"north": {"uv": [0, 0, 6.9, 3.05], "rotation": 90, "texture": "#4"},
				"east": {"uv": [0, 0, 7.15, 1.05], "rotation": 90, "texture": "#4"},
				"south": {"uv": [0, 0, 6.9, 3.05], "rotation": 90, "texture": "#4"},
				"west": {"uv": [0, 0, 6.9, 0.8], "rotation": 90, "texture": "#4"},
				"up": {"uv": [0, 0, 2, 3.5], "texture": "#missing"},
				"down": {"uv": [0, 0, 7.15, 1.05], "texture": "#4"}
			}
		},
		{
			"name": "Trigger",
			"from": [7.40401, 5.9, 6.59],
			"to": [8.60401, 6.3, 6.79],
			"rotation": {"angle": -45, "axis": "x", "origin": [8.00401, 4.50211, 5.79388]},
			"faces": {
				"north": {"uv": [0, 0, 6.9, 3.05], "rotation": 270, "texture": "#4"},
				"east": {"uv": [0, 0, 7.15, 1.05], "rotation": 90, "texture": "#4"},
				"south": {"uv": [0, 0, 6.9, 3.05], "rotation": 90, "texture": "#4"},
				"west": {"uv": [0, 0, 7.15, 1.05], "rotation": 270, "texture": "#4"},
				"up": {"uv": [0, 0, 7.15, 1.05], "texture": "#4"},
				"down": {"uv": [0, 0, 7.15, 1.05], "rotation": 180, "texture": "#4"}
			}
		},
		{
			"name": "Trigger",
			"from": [7.40401, 5.65, 8.9],
			"to": [8.60401, 5.85, 9.3],
			"rotation": {"angle": -45, "axis": "x", "origin": [8.00401, 4.50211, 7.79388]},
			"faces": {
				"north": {"uv": [0, 0, 7.15, 1.05], "texture": "#4"},
				"east": {"uv": [0, 0, 7.15, 1.05], "texture": "#4"},
				"south": {"uv": [0, 0, 7.15, 1.05], "texture": "#4"},
				"west": {"uv": [0, 0, 7.15, 1.05], "texture": "#4"},
				"up": {"uv": [0, 0, 6.9, 3.05], "rotation": 90, "texture": "#4"},
				"down": {"uv": [0, 0, 6.9, 3.05], "rotation": 90, "texture": "#4"}
			}
		},
		{
			"name": "Frame",
			"from": [7.301, 6.6, 15.4],
			"to": [8.701, 7.6, 20.2],
			"faces": {
				"north": {"uv": [0, 0, 2, 1.8], "texture": "#0"},
				"east": {"uv": [0, 9.5, 15.8, 13.599], "texture": "#0"},
				"south": {"uv": [0, 9.5, 7.05, 13.599], "texture": "#0"},
				"west": {"uv": [0, 9.5, 15.8, 13.599], "texture": "#0"},
				"up": {"uv": [0, 0, 15.8, 3.6], "rotation": 90, "texture": "#0"},
				"down": {"uv": [0, 11.75, 10.55, 15.849], "rotation": 90, "texture": "#0"}
			}
		},
		{
			"name": "Hammer",
			"from": [7.41, 7.41, 12.41],
			"to": [8.59, 8.69, 20.41],
			"faces": {
				"north": {"uv": [0, 0, 6.9, 3.05], "texture": "#4"},
				"east": {"uv": [0, 0, 6.9, 2.3], "texture": "#4"},
				"south": {"uv": [0, 0, 6.9, 3.05], "texture": "#4"},
				"west": {"uv": [0, 0, 6.9, 2.3], "texture": "#4"},
				"up": {"uv": [0, 0, 6.9, 2.3], "rotation": 90, "texture": "#4"},
				"down": {"uv": [0, 0, 2.2, 1.9], "texture": "#missing"}
			}
		},
		{
			"name": "Hammer",
			"from": [7.31, 7.31, 17.31],
			"to": [8.69, 8.79, 18.51],
			"faces": {
				"north": {"uv": [0, 0, 6.9, 3.05], "texture": "#4"},
				"east": {"uv": [0, 0, 6.9, 2.3], "rotation": 90, "texture": "#4"},
				"south": {"uv": [0, 0, 6.9, 3.05], "texture": "#4"},
				"west": {"uv": [0, 0, 6.9, 2.3], "rotation": 90, "texture": "#4"},
				"up": {"uv": [0, 0, 6.9, 2.3], "texture": "#4"},
				"down": {"uv": [0, 0, 2.2, 1.9], "texture": "#missing"}
			}
		},
		{
			"name": "Hammer",
			"from": [7.55, 8.7, 15.41086],
			"to": [8.45, 8.9, 18.41086],
			"rotation": {"angle": 22.5, "axis": "x", "origin": [8.14, 9.49096, 16.91086]},
			"faces": {
				"north": {"uv": [0, 0, 6.9, 3.05], "texture": "#4"},
				"east": {"uv": [0, 0, 6.9, 2.3], "texture": "#4"},
				"south": {"uv": [0, 0, 6.9, 3.05], "texture": "#4"},
				"west": {"uv": [0, 0, 6.9, 2.3], "texture": "#4"},
				"up": {"uv": [0, 0, 6.9, 2.3], "rotation": 90, "texture": "#4"},
				"down": {"uv": [0, 0, 6.9, 2.3], "rotation": 90, "texture": "#4"}
			}
		},
		{
			"name": "Hammer",
			"from": [7.65, 7.8, 15.51086],
			"to": [8.35, 8.8, 18.31086],
			"rotation": {"angle": 22.5, "axis": "x", "origin": [8.14, 9.49096, 16.91086]},
			"faces": {
				"north": {"uv": [0, 0, 6.9, 3.05], "texture": "#4"},
				"east": {"uv": [0, 0, 6.9, 2.3], "texture": "#4"},
				"south": {"uv": [0, 0, 6.9, 3.05], "texture": "#4"},
				"west": {"uv": [0, 0, 6.9, 2.3], "texture": "#4"},
				"up": {"uv": [0, 0, 6.9, 2.3], "rotation": 90, "texture": "#4"},
				"down": {"uv": [0, 0, 6.9, 2.3], "rotation": 90, "texture": "#4"}
			}
		},
		{
			"name": "Frame",
			"from": [7.35, 7.1, 20.4],
			"to": [8.65, 8.2, 25.2],
			"faces": {
				"north": {"uv": [0, 0, 2, 1.8], "texture": "#0"},
				"east": {"uv": [0, 3.5, 15.8, 7.6], "texture": "#0"},
				"south": {"uv": [0, 3.5, 15.8, 7.6], "texture": "#0"},
				"west": {"uv": [0, 3.5, 15.8, 7.6], "texture": "#0"},
				"up": {"uv": [0, 0, 15.8, 3.6], "rotation": 90, "texture": "#0"},
				"down": {"uv": [0, 5, 15.8, 9.1], "rotation": 90, "texture": "#0"}
			}
		},
		{
			"name": "Barrel",
			"from": [7.3, 6.8, 24.3],
			"to": [8.7, 8.9, 25.5],
			"faces": {
				"north": {"uv": [0, 0, 1.9, 2.55], "texture": "#4"},
				"east": {"uv": [0, 0, 4.4, 2.55], "texture": "#4"},
				"south": {"uv": [0, 0, 1.9, 2.55], "texture": "#4"},
				"west": {"uv": [0, 0, 4.4, 2.55], "texture": "#4"},
				"up": {"uv": [0, 0, 4.4, 2.55], "rotation": 90, "texture": "#4"},
				"down": {"uv": [0, 0, 4.4, 2.55], "rotation": 90, "texture": "#4"}
			}
		},
		{
			"name": "Barrel",
			"from": [7.8, 7.1, 23.2],
			"to": [8.2, 7.5, 28.4],
			"faces": {
				"north": {"uv": [0, 0, 0.8, 0.8], "texture": "#missing"},
				"east": {"uv": [0, 0, 4.4, 2.55], "texture": "#4"},
				"south": {"uv": [0, 0, 4.4, 2.55], "texture": "#4"},
				"west": {"uv": [0, 0, 4.4, 2.55], "texture": "#4"},
				"up": {"uv": [0, 0, 4.4, 2.55], "rotation": 90, "texture": "#4"},
				"down": {"uv": [0, 0, 4.4, 2.55], "rotation": 90, "texture": "#4"}
			}
		},
		{
			"name": "Back",
			"from": [7.10607, 4.02135, 1.01],
			"to": [8.88607, 7.00135, 2.29],
			"rotation": {"angle": 45, "axis": "x", "origin": [8.09607, 5.11135, 1.49495]},
			"faces": {
				"north": {"uv": [0, 0, 6.8, 4.6], "rotation": 90, "texture": "#0"},
				"east": {"uv": [0, 7.75, 5.55, 13.599], "rotation": 90, "texture": "#0"},
				"south": {"uv": [0, 11.75, 6.05, 15.849], "rotation": 90, "texture": "#0"},
				"west": {"uv": [5.55, 7.75, 0, 13.599], "rotation": 270, "texture": "#0"},
				"up": {"uv": [0, 0, 15.8, 4.6], "rotation": 90, "texture": "#0"},
				"down": {"uv": [0, 0, 2, 2.8], "texture": "#0"}
			}
		},
		{
			"name": "Back",
			"from": [7.12393, 4.22, 0.82],
			"to": [8.88393, 5.58, 1.98],
			"rotation": {"angle": 22.5, "axis": "x", "origin": [8.10393, 5.85777, 0.24832]},
			"faces": {
				"north": {"uv": [0, 7.75, 5.55, 13.599], "texture": "#0"},
				"east": {"uv": [0, 7.75, 5.55, 13.599], "texture": "#0"},
				"south": {"uv": [0, 7.75, 5.55, 13.599], "texture": "#0"},
				"west": {"uv": [0, 7.75, 5.55, 13.599], "texture": "#0"},
				"up": {"uv": [0, 0, 6.8, 4.6], "rotation": 90, "texture": "#0"},
				"down": {"uv": [0, 11.75, 3.8, 15.849], "rotation": 90, "texture": "#0"}
			}
		},
		{
			"name": "Back",
			"from": [6.91, 3.63523, -6.89686],
			"to": [9.09, 4.61523, -5.91686],
			"rotation": {"angle": -45, "axis": "x", "origin": [7.95, 4.12523, -6.40686]},
			"faces": {
				"north": {"uv": [0, 0, 2.05, 0.599], "rotation": 270, "texture": "#6"},
				"east": {"uv": [0.5, 0.5, 2.3, 2.349], "rotation": 270, "texture": "#6"},
				"south": {"uv": [0, 0, 2.05, 0.599], "rotation": 270, "texture": "#6"},
				"west": {"uv": [0.5, 0.5, 2.3, 2.349], "rotation": 90, "texture": "#6"},
				"up": {"uv": [0, 0, 2.05, 0.599], "rotation": 270, "texture": "#6"},
				"down": {"uv": [0, 0, 2.05, 0.599], "rotation": 270, "texture": "#6"}
			}
		},
		{
			"name": "Barrel",
			"from": [7.2, 7.5, 12.45],
			"to": [8.8, 8.3, 17.95],
			"faces": {
				"north": {"uv": [0, 9.5, 7.05, 13.599], "texture": "#0"},
				"east": {"uv": [0.25, 0, 16, 4.849], "texture": "#0"},
				"south": {"uv": [0, 9, 10.3, 12.1], "texture": "#0"},
				"west": {"uv": [0, 2, 15.8, 5.599], "texture": "#0"},
				"up": {"uv": [0, 5.5, 15.8, 10.349], "rotation": 90, "texture": "#0"},
				"down": {"uv": [0, 0, 0.8, 13.1], "texture": "#0"}
			}
		},
		{
			"name": "Back",
			"from": [6.96, -7.59, 9.01],
			"to": [9.04, -6.91, 9.69],
			"rotation": {"angle": -45, "axis": "x", "origin": [8, 4.12523, -6.40686]},
			"faces": {
				"north": {"uv": [0, 0, 2.05, 0.599], "rotation": 270, "texture": "#6"},
				"east": {"uv": [0.5, 0.5, 2.3, 2.349], "rotation": 270, "texture": "#6"},
				"south": {"uv": [0, 0, 2.05, 0.599], "rotation": 270, "texture": "#6"},
				"west": {"uv": [0.5, 0.5, 2.3, 2.349], "rotation": 90, "texture": "#6"},
				"up": {"uv": [0, 0, 2.05, 0.599], "rotation": 270, "texture": "#6"},
				"down": {"uv": [0, 0, 2.05, 0.599], "rotation": 270, "texture": "#6"}
			}
		}
	],
	"display": {
		"thirdperson_righthand": {
			"rotation": [180, 0, 180],
			"translation": [-2, 1.6, -3],
			"scale": [0.8, 0.8, 0.6]
		},
		"firstperson_righthand": {
			"rotation": [15, -151, -38],
			"translation": [0.5, 7, -1.75]
		},
		"ground": {
			"translation": [0, 3.25, 0],
			"scale": [0.6, 0.6, 0.6]
		},
		"gui": {
			"rotation": [-90, 60, 100],
			"translation": [-2.45, 1, 0],
			"scale": [0.32, 1.21, 0.51]
		},
		"fixed": {
			"rotation": [0, 90, 0],
			"translation": [-2, 0, -1.5],
			"scale": [1, 0.85, 0.8]
		}
	}
}