{
	"credit": "Made with Blockbench",
	"textures": {
		"0": "block/note_block",
		"1": "block/gold_block",
		"2": "block/polished_andesite",
		"4": "block/3dmodel/knife"
	},
	"elements": [
		{
			"name": "Handle",
			"from": [7.2, 2, 8.2],
			"to": [8.8, 7, 9.8],
			"faces": {
				"north": {"uv": [0, 0, 1.6, 5], "texture": "#0"},
				"east": {"uv": [0, 0, 1.6, 5], "texture": "#0"},
				"south": {"uv": [0, 0, 1.6, 5], "texture": "#0"},
				"west": {"uv": [0, 0, 1.6, 5], "texture": "#0"},
				"up": {"uv": [0, 0, 1.6, 1.6], "texture": "#0"},
				"down": {"uv": [0, 0, 1.6, 1.6], "texture": "#0"}
			}
		},
		{
			"name": "Handle",
			"from": [7, 7, 7.8],
			"to": [9, 7.4, 10.2],
			"faces": {
				"north": {"uv": [0, 0, 2, 0.4], "texture": "#0"},
				"east": {"uv": [0, 0, 2.4, 0.4], "texture": "#0"},
				"south": {"uv": [0, 0, 2, 0.4], "texture": "#0"},
				"west": {"uv": [0, 0, 2.4, 0.4], "texture": "#0"},
				"up": {"uv": [0, 0, 2, 2.4], "texture": "#0"},
				"down": {"uv": [0, 0, 2, 2.4], "texture": "#0"}
			}
		},
		{
			"name": "Handle",
			"from": [7.2, 7.4, 7.4],
			"to": [8.8, 7.8, 10.4],
			"faces": {
				"north": {"uv": [0, 0, 1.6, 0.4], "texture": "#1"},
				"east": {"uv": [0, 0, 3, 0.4], "texture": "#1"},
				"south": {"uv": [0, 0, 1.6, 0.4], "texture": "#1"},
				"west": {"uv": [0, 0, 3, 0.4], "texture": "#1"},
				"up": {"uv": [3.5, 4, 5.6, 5.5], "texture": "#1"},
				"down": {"uv": [3.5, 4, 5.6, 5.5], "texture": "#1"}
			}
		},
		{
			"name": "Blade",
			"from": [7.6, 7.7, 8.2],
			"to": [8.4, 16.7, 9.8],
			"faces": {
				"north": {"uv": [0.5, 7.5, 14.5, 8.5], "rotation": 270, "texture": "#4"},
				"east": {"uv": [0.5, 7.5, 14.5, 10.5], "rotation": 270, "texture": "#4"},
				"south": {"uv": [0.5, 7.5, 14.5, 8.5], "rotation": 270, "texture": "#4"},
				"west": {"uv": [0.5, 7.5, 14.5, 10.5], "rotation": 270, "texture": "#4"},
				"up": {"uv": [4.5, 9.5, 9.5, 11.5], "rotation": 270, "texture": "#4"},
				"down": {"uv": [0, 0, 0.8, 1.6], "texture": "#2"}
			}
		},
		{
			"name": "Blade",
			"from": [7.8, 7.7, 8],
			"to": [8.2, 13.2, 10],
			"faces": {
				"north": {"uv": [0.5, 7.5, 14.5, 8.5], "rotation": 270, "texture": "#4"},
				"east": {"uv": [0.5, 7.5, 14.5, 8.5], "rotation": 270, "texture": "#4"},
				"south": {"uv": [0.5, 7.5, 14.5, 8.5], "rotation": 270, "texture": "#4"},
				"west": {"uv": [0.5, 7.5, 14.5, 8.5], "rotation": 270, "texture": "#4"},
				"up": {"uv": [4.5, 9.5, 9.5, 11.5], "rotation": 270, "texture": "#4"},
				"down": {"uv": [0, 0, 0.4, 0.8], "texture": "#2"}
			}
		},
		{
			"name": "Blade",
			"from": [7.61, 16.26, 8.565],
			"to": [8.39, 17.39, 9.645],
			"rotation": {"angle": -45, "axis": "x", "origin": [8, 16.64688, 9.16464]},
			"faces": {
				"north": {"uv": [4.5, 9.5, 9.5, 11.5], "rotation": 270, "texture": "#4"},
				"east": {"uv": [4, 7.5, 14.5, 10.5], "rotation": 270, "texture": "#4"},
				"south": {"uv": [4.5, 9.5, 9.5, 11.5], "rotation": 270, "texture": "#4"},
				"west": {"uv": [4, 7.5, 14.5, 10.5], "rotation": 270, "texture": "#4"},
				"up": {"uv": [4.5, 9.5, 9.5, 11.5], "rotation": 270, "texture": "#4"},
				"down": {"uv": [0, 0, 0.8, 4], "texture": "#2"}
			}
		},
		{
			"name": "Handle",
			"from": [7, 0.8, 8],
			"to": [9, 2.2, 10],
			"faces": {
				"north": {"uv": [3.5, 4, 5.6, 5.5], "texture": "#1"},
				"east": {"uv": [3.5, 4, 5.6, 5.5], "texture": "#1"},
				"south": {"uv": [3.5, 4, 5.6, 5.5], "texture": "#1"},
				"west": {"uv": [3.5, 4, 5.6, 5.5], "texture": "#1"},
				"up": {"uv": [3.5, 4, 5.6, 5.5], "texture": "#1"},
				"down": {"uv": [3.5, 4, 5.6, 5.5], "texture": "#1"}
			}
		},
		{
			"name": "Blade",
			"from": [7.5, 7.6, 8.65],
			"to": [8.5, 15.8, 9.45],
			"faces": {
				"north": {"uv": [2.5, 4, 13.5, 5.5], "rotation": 270, "texture": "#1"},
				"east": {"uv": [2, 4, 13, 5.5], "rotation": 270, "texture": "#1"},
				"south": {"uv": [2.5, 4, 13.5, 5.5], "rotation": 270, "texture": "#1"},
				"west": {"uv": [2, 4, 13, 5.5], "rotation": 270, "texture": "#1"},
				"up": {"uv": [4.5, 9.5, 9.5, 11.5], "rotation": 270, "texture": "#4"},
				"down": {"uv": [0, 0, 0.8, 1.6], "texture": "#2"}
			}
		}
	],
	"display": {
		"thirdperson_righthand": {
			"rotation": [-9, -17, 0],
			"translation": [0.25, 0.75, 0],
			"scale": [0.9, 0.9, 0.9]
		},
		"firstperson_righthand": {
			"rotation": [-15, 15, 6],
			"translation": [3.25, 1, -3],
			"scale": [0.7, 0.9, 0.9]
		},
		"ground": {
			"translation": [0, 4.5, 0],
			"scale": [0.6, 0.6, 0.6]
		},
		"gui": {
			"rotation": [90, -135, 90],
			"translation": [-0.75, -2.5, 2],
			"scale": [1.1, 1, 1.1]
		},
		"fixed": {
			"rotation": [90, -45, 90],
			"translation": [1.5, -0.25, 0]
		}
	}
}