{
  "credit": "Made_with_Blockbench",
  "textures": {
    "0": "block/tnt_bottom",
    "1": "block/polished_andesite"
  },
  "elements": [
    {
      "name": "Base",
      "from": [
        6.99,
        8,
        -4.4
      ],
      "to": [
        9.04,
        10,
        5.6
      ],
      "rotation": {
        "angle": -45,
        "axis": "x",
        "origin": [
          8,
          8,
          8
        ]
      },
      "faces": {
        "north": {
          "uv": [
            0,
            0,
            2,
            2
          ],
          "texture": "#0"
        },
        "east": {
          "uv": [
            0,
            0,
            8,
            2
          ],
          "texture": "#0"
        },
        "south": {
          "uv": [
            0,
            0,
            2,
            2
          ],
          "texture": "#0"
        },
        "west": {
          "uv": [
            0,
            0,
            8,
            2
          ],
          "texture": "#0"
        },
        "up": {
          "uv": [
            0,
            0,
            2,
            8
          ],
          "texture": "#0"
        },
        "down": {
          "uv": [
            0,
            0,
            2,
            8
          ],
          "texture": "#0"
        }
      }
    },
    {
      "name": "Base",
      "from": [
        7,
        7.2,
        4.7
      ],
      "to": [
        9,
        8.6,
        5.8
      ],
      "rotation": {
        "angle": -45,
        "axis": "x",
        "origin": [
          8,
          8,
          8
        ]
      },
      "faces": {
        "north": {
          "uv": [
            0,
            0,
            2,
            1.4
          ],
          "texture": "#0"
        },
        "east": {
          "uv": [
            0,
            0,
            1.1,
            1.4
          ],
          "texture": "#0"
        },
        "south": {
          "uv": [
            0,
            0,
            2,
            1.4
          ],
          "texture": "#0"
        },
        "west": {
          "uv": [
            0,
            0,
            1.1,
            1.4
          ],
          "texture": "#0"
        },
        "up": {
          "uv": [
            0,
            0,
            2,
            1.1
          ],
          "texture": "#0"
        },
        "down": {
          "uv": [
            0,
            0,
            2,
            1.1
          ],
          "texture": "#0"
        }
      }
    },
    {
      "name": "Blade",
      "from": [
        7.7,
        14.16553,
        3.17136
      ],
      "to": [
        8.3,
        16.56553,
        22.47136
      ],
      "rotation": {
        "angle": -45,
        "axis": "x",
        "origin": [
          7.98788,
          14.26439,
          14.83169
        ]
      },
      "faces": {
        "north": {
          "uv": [
            0,
            0,
            1,
            2.4
          ],
          "texture": "#1"
        },
        "east": {
          "uv": [
            0,
            3,
            14,
            5.4
          ],
          "texture": "#1"
        },
        "south": {
          "uv": [
            0,
            0,
            0.6,
            2.4
          ],
          "texture": "#1"
        },
        "west": {
          "uv": [
            0,
            0,
            14,
            2.4
          ],
          "texture": "#1"
        },
        "up": {
          "uv": [
            0,
            0,
            1,
            14
          ],
          "texture": "#1"
        },
        "down": {
          "uv": [
            0,
            0,
            1,
            15
          ],
          "texture": "#1"
        }
      }
    },
    {
      "name": "Blade",
      "from": [
        7.8,
        17.6,
        18.85
      ],
      "to": [
        8.1,
        19.6,
        20.35
      ],
      "faces": {
        "north": {
          "uv": [
            0,
            0,
            0.4,
            2.6
          ],
          "texture": "#1"
        },
        "east": {
          "uv": [
            0,
            0,
            1.5,
            2.6
          ],
          "texture": "#1"
        },
        "south": {
          "uv": [
            0,
            0,
            0.4,
            2.6
          ],
          "texture": "#1"
        },
        "west": {
          "uv": [
            0,
            0,
            1.5,
            2.6
          ],
          "texture": "#1"
        },
        "up": {
          "uv": [
            0,
            0,
            0.4,
            1.5
          ],
          "texture": "#1"
        },
        "down": {
          "uv": [
            0,
            0,
            0.4,
            1.5
          ],
          "texture": "#1"
        }
      }
    },
    {
      "name": "Blade",
      "from": [
        7.801,
        2.75,
        13.8
      ],
      "to": [
        8.102,
        20.55,
        16.3
      ],
      "rotation": {
        "angle": 45,
        "axis": "x",
        "origin": [
          7.98788,
          14.26439,
          14.83169
        ]
      },
      "faces": {
        "north": {
          "uv": [
            0,
            0,
            0.4,
            16.7
          ],
          "texture": "#1"
        },
        "east": {
          "uv": [
            0,
            0,
            2.5,
            14
          ],
          "texture": "#1"
        },
        "south": {
          "uv": [
            0,
            0,
            1.4,
            14
          ],
          "texture": "#1"
        },
        "west": {
          "uv": [
            0,
            0,
            2.5,
            14
          ],
          "texture": "#1"
        },
        "up": {
          "uv": [
            0,
            0,
            0.4,
            2.5
          ],
          "texture": "#1"
        },
        "down": {
          "uv": [
            0,
            0,
            0.4,
            2.5
          ],
          "texture": "#1"
        }
      }
    }
  ],
  "display": {
    "thirdperson_righthand": {
      "rotation": [
        40,
        180,
        0
      ],
      "translation": [
        0,
        3.25,
        -0.25
      ],
      "scale": [
        0.9,
        0.7,
        0.7
      ]
    },
    "firstperson_righthand": {
      "rotation": [
        -120,
        -5,
        179
      ],
      "translation": [
        2.75,
        2.75,
        -1
      ],
      "scale": [
        0.9,
        0.55,
        0.55
      ]
    },
    "ground": {
      "rotation": [
        -45,
        0,
        0
      ],
      "translation": [
        0,
        5,
        0
      ],
      "scale": [
        0.4,
        0.4,
        0.4
      ]
    },
    "gui": {
      "rotation": [
        0,
        90,
        0
      ],
      "translation": [
        -1.25,
        -2,
        0
      ],
      "scale": [
        0.7,
        0.7,
        0.7
      ]
    },
    "fixed": {
      "rotation": [
        0,
        -90,
        0
      ],
      "translation": [
        1.25,
        -1.5,
        0
      ],
      "scale": [
        0.75,
        0.75,
        0.75
      ]
    }
  }
}
