{
	"credit": "Made with Blockbench",
	"textures": {
		"0": "block/3dmodel/lee1",
		"1": "block/3dmodel/lee3",
		"2": "block/3dmodel/lee2"
	},
	"elements": [
		{
			"name": "Back",
			"from": [7, 8, -6.75],
			"to": [9, 9.3, 3.65],
			"rotation": {"angle": -22.5, "axis": "x", "origin": [8, 8, 8]},
			"faces": {
				"north": {"uv": [0, 0, 1.98, 2.78], "texture": "#0"},
				"east": {"uv": [0, 0, 9.4, 1.3], "texture": "#0"},
				"south": {"uv": [0, 0, 2, 1.3], "texture": "#0"},
				"west": {"uv": [0, 0, 9.4, 1.3], "texture": "#0"},
				"up": {"uv": [0, 0, 7.979, 2.48], "rotation": 90, "texture": "#0"},
				"down": {"uv": [0, 0, 7.979, 3.48], "rotation": 90, "texture": "#0"}
			}
		},
		{
			"name": "Back",
			"from": [7.01, 3.24145, -6.2],
			"to": [8.99, 7.02145, -3.4],
			"faces": {
				"north": {"uv": [0, 0, 1.98, 3.78], "texture": "#0"},
				"east": {"uv": [0, 0, 2.8, 3.78], "texture": "#0"},
				"south": {"uv": [0, 0, 1.98, 3.78], "texture": "#0"},
				"west": {"uv": [0, 0, 2.8, 3.78], "texture": "#0"},
				"up": {"uv": [0, 0, 1.98, 2.8], "rotation": 90, "texture": "#0"},
				"down": {"uv": [0, 0, 1.98, 2.8], "texture": "#0"}
			}
		},
		{
			"name": "Back",
			"from": [7.02, 4.52, -4.78],
			"to": [8.98, 7.58, -0.92],
			"faces": {
				"north": {"uv": [0, 0, 1.96, 3.06], "texture": "#0"},
				"east": {"uv": [0, 0, 3.86, 3.06], "texture": "#0"},
				"south": {"uv": [0, 0, 1.96, 3.06], "texture": "#0"},
				"west": {"uv": [0, 0, 3.86, 3.06], "texture": "#0"},
				"up": {"uv": [0, 0, 1.96, 3.86], "rotation": 90, "texture": "#0"},
				"down": {"uv": [0, 0, 1.96, 3.86], "texture": "#0"}
			}
		},
		{
			"name": "Back",
			"from": [7.01, 5.61, -1.89],
			"to": [8.99, 7.79, 0.89],
			"faces": {
				"north": {"uv": [0, 0, 1.98, 2.18], "texture": "#0"},
				"east": {"uv": [0, 0, 2.78, 2.18], "texture": "#0"},
				"south": {"uv": [0, 0, 1.98, 2.18], "texture": "#0"},
				"west": {"uv": [0, 0, 2.78, 2.18], "texture": "#0"},
				"up": {"uv": [0, 0, 1.98, 2.78], "rotation": 90, "texture": "#0"},
				"down": {"uv": [0, 0, 1.98, 2.78], "texture": "#0"}
			}
		},
		{
			"name": "Back",
			"from": [7.02, 1.12, 3.1],
			"to": [8.98, 2.82, 4.5],
			"rotation": {"angle": 45, "axis": "x", "origin": [8, 8, 8]},
			"faces": {
				"north": {"uv": [0, 0, 1.96, 1.7], "texture": "#0"},
				"east": {"uv": [0, 0, 1.4, 1.7], "texture": "#0"},
				"south": {"uv": [0, 0, 1.96, 1.7], "texture": "#0"},
				"west": {"uv": [0, 0, 1.4, 1.7], "texture": "#0"},
				"up": {"uv": [0, 0, 1.96, 1.4], "texture": "#0"},
				"down": {"uv": [0, 0, 1.96, 1.4], "texture": "#0"}
			}
		},
		{
			"name": "Frame",
			"from": [7.01, 7.88, 2.41],
			"to": [8.99, 9.08, 5.89],
			"rotation": {"angle": -22.5, "axis": "x", "origin": [8, 8, 8]},
			"faces": {
				"north": {"uv": [0, 0, 1.98, 1.28], "texture": "#0"},
				"east": {"uv": [0, 0, 3.48, 1.28], "texture": "#0"},
				"south": {"uv": [0, 0, 1.98, 1.28], "texture": "#0"},
				"west": {"uv": [0, 0, 3.48, 1.28], "texture": "#0"},
				"up": {"uv": [0, 0, 7.979, 2.48], "rotation": 90, "texture": "#0"},
				"down": {"uv": [0, 0, 7.979, 2.48], "rotation": 90, "texture": "#0"}
			}
		},
		{
			"name": "Frame",
			"from": [7, 6.4, 5.3],
			"to": [9, 8.2, 8.9],
			"faces": {
				"north": {"uv": [0, 4, 2.9, 5.8], "texture": "#1"},
				"east": {"uv": [0, 4, 3.4, 5.8], "texture": "#1"},
				"south": {"uv": [0, 6, 3.4, 7.8], "texture": "#1"},
				"west": {"uv": [0, 4, 3.4, 5.8], "texture": "#1"},
				"up": {"uv": [0, 0, 2, 3.4], "texture": "#1"},
				"down": {"uv": [0, 4, 3.4, 5.8], "texture": "#1"}
			}
		},
		{
			"name": "Frame",
			"from": [7, 6.4, 8.9],
			"to": [9, 8, 12.7],
			"faces": {
				"north": {"uv": [0, 0, 2, 1.4], "texture": "#0"},
				"east": {"uv": [0, 6, 3.4, 7.8], "texture": "#1"},
				"south": {"uv": [0, 6, 3.4, 7.8], "texture": "#1"},
				"west": {"uv": [0, 6, 3.4, 7.8], "texture": "#1"},
				"up": {"uv": [0, 6, 3.4, 7.8], "texture": "#1"},
				"down": {"uv": [0, 6, 3.4, 7.8], "texture": "#1"}
			}
		},
		{
			"name": "Frame",
			"from": [7.3, 8, 8.6],
			"to": [8.7, 8.8, 12.8],
			"faces": {
				"north": {"uv": [0, 0, 1.2, 0.8], "texture": "#2"},
				"east": {"uv": [0, 0, 2.2, 0.8], "texture": "#2"},
				"south": {"uv": [0, 0, 1.2, 0.8], "texture": "#2"},
				"west": {"uv": [0, 0, 2.2, 0.8], "texture": "#2"},
				"up": {"uv": [0, 0, 1.2, 3.2], "texture": "#2"},
				"down": {"uv": [0, 0, 1.2, 2.2], "texture": "#2"}
			}
		},
		{
			"name": "Barrel",
			"from": [7.7, 8, 25.4],
			"to": [8.3, 9.6, 25.9],
			"faces": {
				"north": {"uv": [0, 0, 0.6, 1.6], "texture": "#2"},
				"east": {"uv": [0, 0, 0.5, 1.6], "texture": "#2"},
				"south": {"uv": [0, 0, 0.6, 1.6], "texture": "#2"},
				"west": {"uv": [0, 0, 0.5, 1.6], "texture": "#2"},
				"up": {"uv": [0, 0, 0.6, 0.5], "texture": "#2"},
				"down": {"uv": [0, 0, 0.6, 0.5], "texture": "#2"}
			}
		},
		{
			"name": "Frame",
			"from": [7.05, 6.65, 4.45],
			"to": [8.95, 7.05, 5.85],
			"faces": {
				"north": {"uv": [0, 0, 1.9, 0.4], "texture": "#0"},
				"east": {"uv": [0, 0, 1.4, 0.4], "texture": "#0"},
				"south": {"uv": [0, 0, 1.9, 0.4], "texture": "#0"},
				"west": {"uv": [0, 0, 1.4, 0.4], "texture": "#0"},
				"up": {"uv": [0, 0, 1.9, 1.4], "texture": "#0"},
				"down": {"uv": [0, 0, 7.979, 2.48], "rotation": 90, "texture": "#0"}
			}
		},
		{
			"name": "Trigger",
			"from": [7.4, 5.5, 5.5],
			"to": [8.6, 7.5, 5.7],
			"faces": {
				"north": {"uv": [0, 0, 1.2, 2], "texture": "#2"},
				"east": {"uv": [0, 0, 0.2, 2], "texture": "#2"},
				"south": {"uv": [0, 0, 1.2, 2], "texture": "#2"},
				"west": {"uv": [0, 0, 0.2, 2], "texture": "#2"},
				"up": {"uv": [0, 0, 1.2, 0.2], "texture": "#2"},
				"down": {"uv": [0, 0, 1.2, 0.2], "texture": "#2"}
			}
		},
		{
			"name": "Trigger",
			"from": [7.4, 5.3, 5.7],
			"to": [8.6, 5.5, 7.6],
			"faces": {
				"north": {"uv": [0, 0, 1.2, 0.2], "texture": "#2"},
				"east": {"uv": [0, 0, 1.9, 0.2], "texture": "#2"},
				"south": {"uv": [0, 0, 1.2, 0.2], "texture": "#2"},
				"west": {"uv": [0, 0, 1.9, 0.2], "texture": "#2"},
				"up": {"uv": [0, 0, 1.2, 1.9], "texture": "#2"},
				"down": {"uv": [0, 0, 1.2, 1.9], "texture": "#2"}
			}
		},
		{
			"name": "Barrel",
			"from": [7.6, 7.4, 11.9],
			"to": [8.4, 8.2, 26.7],
			"faces": {
				"north": {"uv": [0, 0, 0.6, 0.6], "texture": "#2"},
				"east": {"uv": [0, 0, 15.6, 1.1], "texture": "#2"},
				"south": {"uv": [1.5, 2.5, 3.1, 4.1], "texture": "#2"},
				"west": {"uv": [0, 0, 15.6, 1.1], "rotation": 180, "texture": "#2"},
				"up": {"uv": [0, 0, 15.6, 1.1], "rotation": 90, "texture": "#2"},
				"down": {"uv": [0, 0, 0.6, 4.6], "texture": "#2"}
			}
		},
		{
			"name": "Trigger",
			"from": [7.4, 5.5, 7.5],
			"to": [8.6, 7.5, 7.7],
			"faces": {
				"north": {"uv": [0, 0, 1.2, 2], "texture": "#2"},
				"east": {"uv": [0, 0, 0.2, 2], "texture": "#2"},
				"south": {"uv": [0, 0, 1.2, 2], "texture": "#2"},
				"west": {"uv": [0, 0, 0.2, 2], "texture": "#2"},
				"up": {"uv": [0, 0, 1.2, 0.2], "texture": "#2"},
				"down": {"uv": [0, 0, 1.2, 0.2], "texture": "#2"}
			}
		},
		{
			"name": "Trigger",
			"from": [7.4, 5.8, 6.2],
			"to": [8.6, 7.8, 6.4],
			"faces": {
				"north": {"uv": [0, 0, 1.2, 2], "texture": "#2"},
				"east": {"uv": [0, 0, 0.2, 2], "texture": "#2"},
				"south": {"uv": [0, 0, 1.2, 2], "texture": "#2"},
				"west": {"uv": [0, 0, 0.2, 2], "texture": "#2"},
				"up": {"uv": [0, 0, 1.2, 0.2], "texture": "#2"},
				"down": {"uv": [0, 0, 1.2, 0.2], "texture": "#2"}
			}
		},
		{
			"name": "Barrel",
			"from": [7.2, 6, 23.5],
			"to": [8.8, 8.4, 23.9],
			"faces": {
				"north": {"uv": [0, 0, 1.6, 1.6], "texture": "#2"},
				"east": {"uv": [0, 0, 0.4, 1.6], "texture": "#2"},
				"south": {"uv": [0, 0, 1.6, 1.6], "texture": "#2"},
				"west": {"uv": [0, 0, 0.4, 1.6], "texture": "#2"},
				"up": {"uv": [0, 0, 1.6, 0.4], "texture": "#2"},
				"down": {"uv": [0, 0, 1.6, 0.4], "texture": "#2"}
			}
		},
		{
			"name": "Frame",
			"from": [7.4, 8.1, 12.3],
			"to": [8.6, 8.7, 14.5],
			"faces": {
				"north": {"uv": [0, 0, 1.2, 0.6], "texture": "#2"},
				"east": {"uv": [0, 0, 2.2, 0.6], "texture": "#2"},
				"south": {"uv": [0, 0, 1.2, 0.6], "texture": "#2"},
				"west": {"uv": [0, 0, 2.2, 0.6], "texture": "#2"},
				"up": {"uv": [0, 0, 1.2, 3.2], "texture": "#2"},
				"down": {"uv": [0, 0, 1.2, 2.2], "texture": "#2"}
			}
		},
		{
			"name": "Frame",
			"from": [7.4, 8.1, 6.5],
			"to": [8.6, 8.9, 8.7],
			"faces": {
				"north": {"uv": [0, 0, 1.2, 0.8], "texture": "#2"},
				"east": {"uv": [0, 0, 2.2, 0.8], "texture": "#2"},
				"south": {"uv": [0, 0, 1.2, 0.8], "texture": "#2"},
				"west": {"uv": [0, 0, 2.2, 0.8], "texture": "#2"},
				"up": {"uv": [0, 0, 1.2, 3.2], "texture": "#2"},
				"down": {"uv": [0, 0, 1.2, 2.2], "texture": "#2"}
			}
		},
		{
			"name": "Back",
			"from": [7.02, 0.12, 5.1],
			"to": [8.98, 3.92, 6.5],
			"rotation": {"angle": 45, "axis": "x", "origin": [8, 8, 8]},
			"faces": {
				"north": {"uv": [0, 0, 7.979, 2.48], "rotation": 90, "texture": "#0"},
				"east": {"uv": [0, 0, 7.979, 2.48], "rotation": 90, "texture": "#0"},
				"south": {"uv": [0, 0, 7.979, 2.48], "rotation": 90, "texture": "#0"},
				"west": {"uv": [0, 0, 7.979, 2.48], "rotation": 90, "texture": "#0"},
				"up": {"uv": [0, 0, 1.96, 1.4], "texture": "#0"},
				"down": {"uv": [0, 0, 7.979, 3.48], "rotation": 90, "texture": "#0"}
			}
		},
		{
			"name": "Barrel",
			"from": [7.6, 6.4, 12.7],
			"to": [8.4, 7.2, 25.5],
			"faces": {
				"north": {"uv": [0, 0, 0.6, 0.6], "texture": "#2"},
				"east": {"uv": [0, 0, 15.6, 1.1], "rotation": 180, "texture": "#2"},
				"south": {"uv": [4.5, 5, 6.1, 6.6], "texture": "#2"},
				"west": {"uv": [0, 0, 15.6, 1.1], "texture": "#2"},
				"up": {"uv": [0, 0, 15.6, 1.1], "rotation": 90, "texture": "#2"},
				"down": {"uv": [0, 0, 15.6, 1.1], "rotation": 90, "texture": "#2"}
			}
		},
		{
			"name": "Frame",
			"from": [7.15, 6, 17.9],
			"to": [8.85, 7.4, 21.7],
			"faces": {
				"north": {"uv": [0, 0, 2, 1.4], "texture": "#0"},
				"east": {"uv": [0, 0, 2.78, 2.18], "texture": "#0"},
				"south": {"uv": [0, 0, 2.78, 2.18], "texture": "#0"},
				"west": {"uv": [0, 0, 2.78, 2.18], "texture": "#0"},
				"up": {"uv": [0, 0, 2.78, 2.18], "texture": "#0"},
				"down": {"uv": [0, 0, 2.78, 2.18], "rotation": 90, "texture": "#0"}
			}
		},
		{
			"name": "Frame",
			"from": [7.4, 6.5, 8.3],
			"to": [8.6, 7.1, 11.5],
			"faces": {
				"north": {"uv": [0, 0, 1.2, 0.6], "texture": "#2"},
				"east": {"uv": [0, 0, 2.2, 0.6], "texture": "#2"},
				"south": {"uv": [0, 0, 1.2, 0.6], "texture": "#2"},
				"west": {"uv": [0, 0, 2.2, 0.6], "texture": "#2"},
				"up": {"uv": [0, 0, 1.2, 2.2], "texture": "#2"},
				"down": {"uv": [0, 0, 2.2, 3.2], "texture": "#2"}
			}
		}
	],
	"display": {
		"thirdperson_righthand": {
			"rotation": [180, 0, 180],
			"translation": [-2, 1.6, -3],
			"scale": [0.8, 0.8, 0.7]
		},
		"firstperson_righthand": {
			"rotation": [25, -130, -14],
			"translation": [-0.75, 5, -1.75]
		},
		"ground": {
			"scale": [0.6, 0.6, 0.6]
		},
		"gui": {
			"rotation": [-90, 60, 100],
			"translation": [-1.7, -0.25, 0],
			"scale": [0.08, 0.7, 0.49]
		},
		"fixed": {
			"rotation": [0, 90, 0],
			"translation": [0, 0, -1.25]
		}
	}
}