{
  "credit": "Made_with_Blockbench",
  "textures": {
    "0": "block/3dmodel/grenade",
    "particle": "block/3dmodel/grenade"
  },
  "elements": [
    {
      "from": [
        7.1,
        13.6,
        6.6
      ],
      "to": [
        8.9,
        17.4,
        8.4
      ],
      "faces": {
        "north": {
          "uv": [
            8,
            0.5,
            9.5,
            2.5
          ],
          "rotation": 90,
          "texture": "#0"
        },
        "east": {
          "uv": [
            8,
            0.5,
            9.5,
            2.5
          ],
          "rotation": 90,
          "texture": "#0"
        },
        "south": {
          "uv": [
            8,
            0.5,
            9.5,
            2.5
          ],
          "rotation": 90,
          "texture": "#0"
        },
        "west": {
          "uv": [
            8,
            0.5,
            9.5,
            2.5
          ],
          "rotation": 90,
          "texture": "#0"
        },
        "up": {
          "uv": [
            8,
            0.5,
            9.5,
            2
          ],
          "rotation": 90,
          "texture": "#0"
        },
        "down": {
          "uv": [
            8,
            0.5,
            9.5,
            2
          ],
          "rotation": 90,
          "texture": "#0"
        }
      }
    },
    {
      "from": [
        5,
        3.5,
        4.5
      ],
      "to": [
        11,
        13.5,
        10.5
      ],
      "faces": {
        "north": {
          "uv": [
            11,
            3.5,
            16,
            10
          ],
          "texture": "#0"
        },
        "east": {
          "uv": [
            11,
            3.5,
            16,
            10
          ],
          "texture": "#0"
        },
        "south": {
          "uv": [
            11,
            3.5,
            16,
            10
          ],
          "texture": "#0"
        },
        "west": {
          "uv": [
            11,
            3.5,
            16,
            10
          ],
          "texture": "#0"
        },
        "up": {
          "uv": [
            11,
            3.5,
            16,
            8.5
          ],
          "texture": "#0"
        },
        "down": {
          "uv": [
            11,
            3.5,
            16,
            8.5
          ],
          "texture": "#0"
        }
      }
    },
    {
      "from": [
        3.1,
        13.6,
        5.6
      ],
      "to": [
        6.9,
        14.4,
        9.4
      ],
      "rotation": {
        "angle": 22.5,
        "axis": "z",
        "origin": [
          5,
          16,
          7.5
        ]
      },
      "faces": {
        "north": {
          "uv": [
            11,
            2,
            13.5,
            3
          ],
          "texture": "#0"
        },
        "east": {
          "uv": [
            11,
            2,
            13.5,
            3
          ],
          "texture": "#0"
        },
        "south": {
          "uv": [
            11,
            2,
            13.5,
            3
          ],
          "texture": "#0"
        },
        "west": {
          "uv": [
            11,
            2,
            13.5,
            3
          ],
          "texture": "#0"
        },
        "up": {
          "uv": [
            11,
            0,
            13.5,
            2.5
          ],
          "texture": "#0"
        },
        "down": {
          "uv": [
            11,
            0,
            13.5,
            2.5
          ],
          "texture": "#0"
        }
      }
    }
  ],
  "display": {
    "thirdperson_righthand": {
      "translation": [
        0,
        -1,
        0
      ],
      "scale": [
        0.4,
        0.4,
        0.4
      ]
    },
    "firstperson_righthand": {
      "rotation": [
        7,
        172,
        9
      ],
      "translation": [
        10,
        -3,
        -11.75
      ]
    },
    "ground": {
      "translation": [
        0,
        4,
        0
      ],
      "scale": [
        0.5,
        0.5,
        0.5
      ]
    },
    "gui": {
      "translation": [
        0.5,
        -2.5,
        0
      ],
      "scale": [
        1,
        0.9,
        1
      ]
    },
    "fixed": {
      "translation": [
        0,
        -1.75,
        -1
      ],
      "scale": [
        1,
        0.9,
        1
      ]
    }
  }
}
