{
	"credit": "Made with Blockbench",
	"textures": {
		"0": "block/3dmodel/lee1",
		"3": "block/3dmodel/metal_weapon",
		"4": "block/3dmodel/metal_weapon3",
		"6": "block/3dmodel/Decorative_weapon",
		"particle": "block/3dmodel/metal_weapon"
	},
	"elements": [
		{
			"name": "Frame",
			"from": [7.001, 6.6, 4.5],
			"to": [9.001, 8.2, 6.5],
			"faces": {
				"north": {"uv": [0, 3.5, 15.8, 7.6], "texture": "#3"},
				"east": {"uv": [12.8, 3.5, 0, 7.6], "texture": "#3"},
				"south": {"uv": [2.25, 3.75, 14.55, 7.85], "texture": "#3"},
				"west": {"uv": [0, 3.5, 12.8, 7.6], "texture": "#3"},
				"up": {"uv": [0, 0, 15.8, 3.6], "rotation": 90, "texture": "#3"},
				"down": {"uv": [0, 5, 15.8, 9.1], "rotation": 90, "texture": "#3"}
			}
		},
		{
			"name": "Trigger",
			"from": [7.4, 5, 4.9],
			"to": [8.6, 6.6, 5.1],
			"faces": {
				"north": {"uv": [0, 0, 6.9, 3.05], "rotation": 90, "texture": "#4"},
				"east": {"uv": [0, 0, 6.9, 0.8], "rotation": 90, "texture": "#4"},
				"south": {"uv": [0, 0, 6.9, 3.05], "rotation": 90, "texture": "#4"},
				"west": {"uv": [0, 0, 6.9, 0.8], "rotation": 90, "texture": "#4"},
				"up": {"uv": [0, 0, 2, 3.5], "texture": "#missing"},
				"down": {"uv": [0, 0, 7.15, 1.05], "texture": "#4"}
			}
		},
		{
			"name": "Trigger",
			"from": [7.4, 4.89, 4.9],
			"to": [8.6, 5.09, 6.8],
			"faces": {
				"north": {"uv": [0, 0, 7.15, 1.05], "texture": "#4"},
				"east": {"uv": [0, 0, 7.15, 1.05], "texture": "#4"},
				"south": {"uv": [0, 0, 7.15, 1.05], "texture": "#4"},
				"west": {"uv": [0, 0, 7.15, 1.05], "texture": "#4"},
				"up": {"uv": [0, 0, 6.9, 3.05], "rotation": 90, "texture": "#4"},
				"down": {"uv": [0, 0, 6.9, 3.05], "rotation": 90, "texture": "#4"}
			}
		},
		{
			"name": "Trigger",
			"from": [7.6, 6.5, 4.9],
			"to": [8.4, 7.7, 5.1],
			"rotation": {"angle": -22.5, "axis": "x", "origin": [8, 8, 8]},
			"faces": {
				"north": {"uv": [0, 8.25, 1.5, 10], "rotation": 90, "texture": "#3"},
				"east": {"uv": [0, 8.25, 1.25, 9.5], "rotation": 90, "texture": "#3"},
				"south": {"uv": [0, 8.25, 1.5, 10], "rotation": 90, "texture": "#3"},
				"west": {"uv": [0, 8.25, 1.25, 9.5], "rotation": 90, "texture": "#3"},
				"up": {"uv": [0, 0, 2, 3.5], "texture": "#missing"},
				"down": {"uv": [0, 8.25, 1.25, 9.5], "texture": "#3"}
			}
		},
		{
			"name": "Trigger",
			"from": [7.61, 5.5, 5.7],
			"to": [8.39, 5.68, 6.08],
			"rotation": {"angle": 22.5, "axis": "x", "origin": [8, 5.4, 5.7]},
			"faces": {
				"north": {"uv": [0, 8.25, 1.25, 9.5], "texture": "#3"},
				"east": {"uv": [0, 8.25, 1.25, 9.5], "texture": "#3"},
				"south": {"uv": [0, 8.25, 1.25, 9.5], "texture": "#3"},
				"west": {"uv": [0, 8.25, 1.25, 9.5], "texture": "#3"},
				"up": {"uv": [0, 8.25, 1.5, 10], "rotation": 90, "texture": "#3"},
				"down": {"uv": [0, 8.25, 1.5, 10], "rotation": 90, "texture": "#3"}
			}
		},
		{
			"name": "Barrel",
			"from": [7.4, 6.8, 8.8],
			"to": [8.6, 7.4, 16.5],
			"faces": {
				"north": {"uv": [0, 0, 0.8, 0.8], "texture": "#0"},
				"east": {"uv": [0, 3, 15.8, 5.85], "texture": "#0"},
				"south": {"uv": [0, 10, 10.3, 12.1], "texture": "#0"},
				"west": {"uv": [0, 3, 15.8, 5.85], "texture": "#0"},
				"up": {"uv": [0, 0, 15.8, 3.6], "rotation": 90, "texture": "#0"},
				"down": {"uv": [0, 5, 15.8, 9.1], "rotation": 90, "texture": "#0"}
			}
		},
		{
			"name": "Back",
			"from": [7.098, 6.35, 3.8],
			"to": [8.898, 7.45, 5.4],
			"rotation": {"angle": -45, "axis": "x", "origin": [7.998, 6.73522, 4.03196]},
			"faces": {
				"north": {"uv": [0, 0, 6.8, 4.6], "rotation": 90, "texture": "#0"},
				"east": {"uv": [0, 2.5, 15.8, 6.1], "texture": "#0"},
				"south": {"uv": [0, 0, 2, 1.3], "texture": "#0"},
				"west": {"uv": [0, 2.5, 15.8, 6.1], "texture": "#0"},
				"up": {"uv": [0, 0, 15.8, 4.6], "rotation": 90, "texture": "#0"},
				"down": {"uv": [0, 0, 15.8, 4.6], "rotation": 90, "texture": "#0"}
			}
		},
		{
			"name": "Back",
			"from": [7.008, 10.31, -1.99],
			"to": [8.988, 11.59, 1.99],
			"rotation": {"angle": -45, "axis": "x", "origin": [8, 8, 8]},
			"faces": {
				"north": {"uv": [0, 0, 6.8, 4.6], "rotation": 90, "texture": "#0"},
				"east": {"uv": [0, 2.5, 15.8, 6.1], "texture": "#0"},
				"south": {"uv": [0, 0, 2, 1.3], "texture": "#0"},
				"west": {"uv": [0, 2.5, 15.8, 6.1], "texture": "#0"},
				"up": {"uv": [0, 0, 15.8, 4.6], "rotation": 90, "texture": "#0"},
				"down": {"uv": [0, 0, 15.8, 4.6], "rotation": 90, "texture": "#0"}
			}
		},
		{
			"name": "Barrel",
			"from": [8.1, 7.4, 5.8],
			"to": [9.3, 8.6, 6.8],
			"faces": {
				"north": {"uv": [0, 0, 1.4, 2.55], "texture": "#4"},
				"east": {"uv": [0, 0, 4.4, 2.55], "texture": "#4"},
				"south": {"uv": [8.75, 0.25, 10.75, 2.5], "texture": "#6"},
				"west": {"uv": [0, 0, 4.4, 2.55], "texture": "#4"},
				"up": {"uv": [0, 0, 4.4, 2.55], "rotation": 90, "texture": "#4"},
				"down": {"uv": [0, 0, 4.4, 2.55], "rotation": 90, "texture": "#4"}
			}
		},
		{
			"name": "Barrel",
			"from": [6.7, 7.4, 5.8],
			"to": [7.9, 8.6, 6.8],
			"faces": {
				"north": {"uv": [0, 0, 1.4, 2.55], "texture": "#4"},
				"east": {"uv": [0, 0, 4.4, 2.55], "texture": "#4"},
				"south": {"uv": [8.75, 0.25, 10.75, 2.5], "texture": "#6"},
				"west": {"uv": [0, 0, 4.4, 2.55], "texture": "#4"},
				"up": {"uv": [0, 0, 4.4, 2.55], "rotation": 90, "texture": "#4"},
				"down": {"uv": [0, 0, 4.4, 2.55], "rotation": 90, "texture": "#4"}
			}
		},
		{
			"name": "Barrel",
			"from": [7.4, 7.2, 16.5],
			"to": [8.6, 7.5, 18.2],
			"faces": {
				"north": {"uv": [0, 0, 0.8, 0.8], "texture": "#0"},
				"east": {"uv": [0, 4.75, 15.8, 5.85], "texture": "#0"},
				"south": {"uv": [0, 11, 10.3, 12.1], "texture": "#0"},
				"west": {"uv": [0, 4.75, 15.8, 5.85], "texture": "#0"},
				"up": {"uv": [0, 0, 15.8, 3.6], "rotation": 90, "texture": "#0"},
				"down": {"uv": [0, 5, 7.8, 9.1], "rotation": 90, "texture": "#0"}
			}
		},
		{
			"name": "Frame",
			"from": [7.101, 6.7, 10.6],
			"to": [8.901, 7.5, 13.8],
			"faces": {
				"north": {"uv": [0, 3.5, 15.8, 7.6], "texture": "#0"},
				"east": {"uv": [0, 1.5, 15.8, 6.1], "texture": "#0"},
				"south": {"uv": [0, 3.5, 15.8, 7.6], "texture": "#0"},
				"west": {"uv": [0, 1.5, 15.8, 6.1], "texture": "#0"},
				"up": {"uv": [0, 0, 15.8, 3.6], "rotation": 90, "texture": "#0"},
				"down": {"uv": [0, 5, 15.8, 9.1], "rotation": 90, "texture": "#0"}
			}
		},
		{
			"name": "Trigger",
			"from": [7.4, 5, 6.6],
			"to": [8.6, 6.6, 6.8],
			"faces": {
				"north": {"uv": [0, 0, 6.9, 3.05], "rotation": 90, "texture": "#4"},
				"east": {"uv": [0, 0, 6.9, 0.8], "rotation": 90, "texture": "#4"},
				"south": {"uv": [0, 0, 6.9, 3.05], "rotation": 90, "texture": "#4"},
				"west": {"uv": [0, 0, 6.9, 0.8], "rotation": 90, "texture": "#4"},
				"up": {"uv": [0, 0, 2, 3.5], "texture": "#missing"},
				"down": {"uv": [0, 0, 7.15, 1.05], "texture": "#4"}
			}
		},
		{
			"name": "Back",
			"from": [6.998, 7.7, 1],
			"to": [8.998, 9, 4.7],
			"rotation": {"angle": -22.5, "axis": "x", "origin": [8, 8, 8]},
			"faces": {
				"north": {"uv": [0, 0, 6.8, 4.6], "rotation": 90, "texture": "#0"},
				"east": {"uv": [0, 2.5, 15.8, 6.1], "texture": "#0"},
				"south": {"uv": [0, 0, 2, 1.3], "texture": "#0"},
				"west": {"uv": [0, 2.5, 15.8, 6.1], "texture": "#0"},
				"up": {"uv": [0, 0, 15.8, 4.6], "rotation": 90, "texture": "#0"},
				"down": {"uv": [0, 0, 15.8, 4.6], "rotation": 90, "texture": "#0"}
			}
		},
		{
			"name": "Barrel",
			"from": [8.1, 7.4, 6.8],
			"to": [9.3, 8.6, 18.8],
			"faces": {
				"north": {"uv": [2.75, 0, 5.5, 2.75], "texture": "#6"},
				"east": {"uv": [15.15, 0, 0, 2.55], "texture": "#4"},
				"south": {"uv": [5.5, 2.75, 8.25, 5.5], "texture": "#6"},
				"west": {"uv": [0, 0, 15.15, 2.55], "texture": "#4"},
				"up": {"uv": [0, 0, 15.15, 2.55], "rotation": 270, "texture": "#4"},
				"down": {"uv": [0, 0, 15.15, 2.55], "rotation": 90, "texture": "#4"}
			}
		},
		{
			"name": "Barrel",
			"from": [6.7, 7.4, 6.8],
			"to": [7.9, 8.6, 18.8],
			"faces": {
				"north": {"uv": [2.75, 0, 5.5, 2.75], "texture": "#6"},
				"east": {"uv": [15.15, 0, 0, 2.55], "texture": "#4"},
				"south": {"uv": [5.5, 2.75, 8.25, 5.5], "texture": "#6"},
				"west": {"uv": [0, 0, 15.15, 2.55], "texture": "#4"},
				"up": {"uv": [0, 0, 15.15, 2.55], "rotation": 270, "texture": "#4"},
				"down": {"uv": [0, 0, 15.15, 2.55], "rotation": 90, "texture": "#4"}
			}
		},
		{
			"name": "Trigger",
			"from": [7.1, 8.6, 6.4],
			"to": [7.6, 8.8, 7.2],
			"faces": {
				"north": {"uv": [0, 8.25, 1.25, 9.5], "rotation": 180, "texture": "#3"},
				"east": {"uv": [0, 8.25, 1.25, 9.5], "texture": "#3"},
				"south": {"uv": [0, 8.25, 1.25, 9.5], "texture": "#3"},
				"west": {"uv": [0, 8.25, 1.25, 9.5], "rotation": 180, "texture": "#3"},
				"up": {"uv": [0, 8.25, 1.5, 10], "rotation": 270, "texture": "#3"},
				"down": {"uv": [0, 8.25, 1.5, 10], "rotation": 90, "texture": "#3"}
			}
		},
		{
			"name": "Trigger",
			"from": [8.45, 8.6, 6.4],
			"to": [8.95, 8.8, 7.2],
			"faces": {
				"north": {"uv": [0, 8.25, 1.25, 9.5], "rotation": 180, "texture": "#3"},
				"east": {"uv": [0, 8.25, 1.25, 9.5], "texture": "#3"},
				"south": {"uv": [0, 8.25, 1.25, 9.5], "texture": "#3"},
				"west": {"uv": [0, 8.25, 1.25, 9.5], "rotation": 180, "texture": "#3"},
				"up": {"uv": [0, 8.25, 1.5, 10], "rotation": 270, "texture": "#3"},
				"down": {"uv": [0, 8.25, 1.5, 10], "rotation": 90, "texture": "#3"}
			}
		},
		{
			"name": "Frame",
			"from": [6.875, 6.8, 8.75],
			"to": [9.125, 7.3, 9.25],
			"faces": {
				"north": {"uv": [0, 11.75, 2.05, 15.85], "texture": "#3"},
				"east": {"uv": [0.25, 3, 2.5, 5.25], "texture": "#6"},
				"south": {"uv": [0, 11.75, 2.05, 15.85], "texture": "#3"},
				"west": {"uv": [0.25, 3, 2.5, 5.25], "texture": "#6"},
				"up": {"uv": [0, 11.75, 2.05, 15.85], "texture": "#3"},
				"down": {"uv": [0, 11.75, 2.05, 15.85], "texture": "#3"}
			}
		},
		{
			"name": "Frame",
			"from": [7.101, 6.7, 7.4],
			"to": [8.901, 7.5, 10.6],
			"faces": {
				"north": {"uv": [0, 3.5, 6.8, 5.85], "texture": "#3"},
				"east": {"uv": [0, 5.25, 4.05, 7.6], "texture": "#3"},
				"south": {"uv": [0, 3.5, 6.8, 5.85], "texture": "#3"},
				"west": {"uv": [4.05, 5.25, 0, 7.6], "texture": "#3"},
				"up": {"uv": [0, 0, 15.8, 3.6], "rotation": 90, "texture": "#3"},
				"down": {"uv": [0, 5.25, 4.05, 7.6], "rotation": 90, "texture": "#3"}
			}
		},
		{
			"name": "Barrel",
			"from": [8.2, 7.5, 5.5],
			"to": [9.2, 8.5, 6.3],
			"faces": {
				"north": {"uv": [0, 0, 1.4, 2.55], "texture": "#4"},
				"east": {"uv": [0, 0, 4.4, 2.55], "texture": "#4"},
				"south": {"uv": [5, 2.25, 5.75, 3], "texture": "#missing"},
				"west": {"uv": [0, 0, 4.4, 2.55], "texture": "#4"},
				"up": {"uv": [0, 0, 4.4, 2.55], "rotation": 90, "texture": "#4"},
				"down": {"uv": [0, 0, 4.4, 2.55], "rotation": 90, "texture": "#4"}
			}
		},
		{
			"name": "Barrel",
			"from": [6.8, 7.5, 5.5],
			"to": [7.8, 8.5, 6.3],
			"faces": {
				"north": {"uv": [0, 0, 1.4, 2.55], "texture": "#4"},
				"east": {"uv": [0, 0, 4.4, 2.55], "texture": "#4"},
				"south": {"uv": [5, 2.25, 5.75, 3], "texture": "#missing"},
				"west": {"uv": [0, 0, 4.4, 2.55], "texture": "#4"},
				"up": {"uv": [0, 0, 4.4, 2.55], "rotation": 90, "texture": "#4"},
				"down": {"uv": [0, 0, 4.4, 2.55], "rotation": 90, "texture": "#4"}
			}
		},
		{
			"name": "Frame",
			"from": [7.001, 6.6, 6.5],
			"to": [9.001, 7.4, 9.5],
			"faces": {
				"north": {"uv": [0, 3.5, 15.8, 7.6], "texture": "#3"},
				"east": {"uv": [11.55, 3.75, 4.75, 7.85], "texture": "#3"},
				"south": {"uv": [2.25, 3.75, 14.55, 7.85], "texture": "#3"},
				"west": {"uv": [4.75, 3.75, 11.55, 7.85], "texture": "#3"},
				"up": {"uv": [0, 0, 15.8, 3.6], "rotation": 90, "texture": "#3"},
				"down": {"uv": [0, 5, 15.8, 9.1], "rotation": 90, "texture": "#3"}
			}
		},
		{
			"name": "Back",
			"from": [7.108, 10.41, -2.4],
			"to": [8.888, 11.49, -1.62],
			"rotation": {"angle": -45, "axis": "x", "origin": [8, 8, 8]},
			"faces": {
				"north": {"uv": [0, 0, 6.8, 4.6], "rotation": 90, "texture": "#0"},
				"east": {"uv": [0, 2.5, 15.8, 6.1], "texture": "#0"},
				"south": {"uv": [0, 0, 2, 1.3], "texture": "#0"},
				"west": {"uv": [0, 2.5, 15.8, 6.1], "texture": "#0"},
				"up": {"uv": [0, 0, 15.8, 4.6], "rotation": 90, "texture": "#0"},
				"down": {"uv": [0, 0, 15.8, 4.6], "rotation": 90, "texture": "#0"}
			}
		}
	],
	"display": {
		"thirdperson_righthand": {
			"rotation": [180, 0, 180],
			"translation": [-2, 1.6, -1.5],
			"scale": [0.8, 0.8, 0.65]
		},
		"firstperson_righthand": {
			"rotation": [155, -35, 145],
			"translation": [-7.75, 3.25, -1.75]
		},
		"ground": {
			"scale": [0.6, 0.6, 0.6]
		},
		"gui": {
			"rotation": [-90, 60, 100],
			"translation": [-1.7, 0.5, 0],
			"scale": [0.08, 0.83, 0.49]
		},
		"fixed": {
			"rotation": [0, 90, 0],
			"translation": [0, 0, -1.5]
		}
	}
}