{
  "__comment": "Model_generated_using_MrCrayfish\u0027s_Model_Creator_(https://mrcrayfish.com/tools?id\u003dmc)",
  "ambientocclusion": false,
  "textures": {
    "particle": "minecraft:block/3dmodel/stonesword",
    "1": "minecraft:block/3dmodel/stonesword",
    "1_1": "minecraft:block/3dmodel/stonesword"
  },
  "display": {
    "gui": {
      "rotation": [
        0,
        0,
        315
      ],
      "translation": [
        0,
        0,
        0
      ],
      "scale": [
        1.2,
        1.2,
        1.2
      ]
    },
    "ground": {
      "rotation": [
        0,
        0,
        0
      ],
      "translation": [
        0,
        3.5,
        0
      ],
      "scale": [
        0.6,
        0.6,
        0.6
      ]
    },
    "fixed": {
      "rotation": [
        0,
        180,
        315
      ],
      "translation": [
        0,
        0,
        0
      ],
      "scale": [
        1.3,
        1.3,
        1.3
      ]
    },
    "head": {
      "rotation": [
        0,
        180,
        0
      ],
      "translation": [
        0,
        13,
        7
      ],
      "scale": [
        1,
        1,
        1
      ]
    },
    "firstperson_righthand": {
      "rotation": [
        6,
        186,
        8
      ],
      "translation": [
        0.13,
        3.8,
        1.13
      ],
      "scale": [
        0.75,
        0.75,
        0.75
      ]
    },
    "thirdperson_righthand": {
      "rotation": [
        0,
        0,
        0
      ],
      "translation": [
        0,
        2.5,
        1
      ],
      "scale": [
        1.1,
        1.1,
        1.1
      ]
    }
  },
  "elements": [
    {
      "name": "Element",
      "from": [
        7.25,
        1,
        7.25
      ],
      "to": [
        8.75,
        8.5,
        8.75
      ],
      "faces": {
        "north": {
          "texture": "#1",
          "uv": [
            14,
            0.5,
            16,
            8.5
          ]
        },
        "east": {
          "texture": "#1",
          "uv": [
            14,
            0.5,
            16,
            8.5
          ]
        },
        "south": {
          "texture": "#1",
          "uv": [
            14,
            0.5,
            16,
            8.5
          ]
        },
        "west": {
          "texture": "#1",
          "uv": [
            14,
            0.5,
            16,
            8.5
          ]
        }
      }
    },
    {
      "name": "Element",
      "from": [
        6.9,
        8,
        6.5
      ],
      "to": [
        9.15,
        15.5,
        9.5
      ],
      "faces": {
        "north": {
          "texture": "#1",
          "uv": [
            0.5,
            0,
            6.5,
            14.5
          ]
        },
        "east": {
          "texture": "#1",
          "uv": [
            0,
            0,
            7,
            14.5
          ]
        },
        "south": {
          "texture": "#1",
          "uv": [
            0.5,
            0,
            6.5,
            14.5
          ]
        },
        "west": {
          "texture": "#1",
          "uv": [
            0,
            0,
            7,
            14.5
          ]
        },
        "up": {
          "texture": "#1",
          "uv": [
            7,
            2,
            14,
            8.5
          ]
        },
        "down": {
          "texture": "#1",
          "uv": [
            7,
            2,
            14,
            8.5
          ]
        }
      }
    },
    {
      "name": "Element",
      "from": [
        9.5,
        14,
        7.5
      ],
      "to": [
        10,
        15,
        8.5
      ],
      "faces": {
        "north": {
          "texture": "#1",
          "uv": [
            7,
            0,
            8,
            2
          ]
        },
        "east": {
          "texture": "#1",
          "uv": [
            7,
            0,
            9,
            2
          ]
        },
        "south": {
          "texture": "#1",
          "uv": [
            7,
            0,
            8,
            2
          ]
        },
        "up": {
          "texture": "#1",
          "uv": [
            7,
            0,
            8,
            2
          ]
        },
        "down": {
          "texture": "#1",
          "uv": [
            7,
            0,
            8,
            2
          ]
        }
      }
    },
    {
      "name": "Element",
      "from": [
        9.5,
        11.5,
        7.5
      ],
      "to": [
        10,
        12.5,
        8.5
      ],
      "faces": {
        "north": {
          "texture": "#1",
          "uv": [
            7,
            0,
            8,
            2
          ]
        },
        "east": {
          "texture": "#1",
          "uv": [
            7,
            0,
            9,
            2
          ]
        },
        "south": {
          "texture": "#1",
          "uv": [
            7,
            0,
            8,
            2
          ]
        },
        "up": {
          "texture": "#1",
          "uv": [
            7,
            0,
            8,
            2
          ]
        },
        "down": {
          "texture": "#1",
          "uv": [
            7,
            0,
            8,
            2
          ]
        }
      }
    },
    {
      "name": "Element",
      "from": [
        9.5,
        9,
        7.5
      ],
      "to": [
        10,
        10,
        8.5
      ],
      "faces": {
        "north": {
          "texture": "#1",
          "uv": [
            7,
            0,
            8,
            2
          ]
        },
        "east": {
          "texture": "#1",
          "uv": [
            7,
            0,
            9,
            2
          ]
        },
        "south": {
          "texture": "#1",
          "uv": [
            7,
            0,
            8,
            2
          ]
        },
        "up": {
          "texture": "#1",
          "uv": [
            7,
            0,
            8,
            2
          ]
        },
        "down": {
          "texture": "#1",
          "uv": [
            7,
            0,
            8,
            2
          ]
        }
      }
    },
    {
      "name": "Element",
      "from": [
        7.5,
        15.2,
        7.5
      ],
      "to": [
        8.5,
        16.2,
        8.5
      ],
      "faces": {
        "north": {
          "texture": "#1",
          "uv": [
            7,
            0,
            8,
            2
          ]
        },
        "east": {
          "texture": "#1",
          "uv": [
            7,
            0,
            8,
            2
          ]
        },
        "south": {
          "texture": "#1",
          "uv": [
            7,
            0,
            8,
            2
          ]
        },
        "west": {
          "texture": "#1",
          "uv": [
            7,
            0,
            8,
            2
          ]
        },
        "up": {
          "texture": "#1",
          "uv": [
            7,
            0,
            9,
            2
          ]
        }
      }
    },
    {
      "name": "Element",
      "from": [
        7,
        0,
        7
      ],
      "to": [
        9,
        1,
        9
      ],
      "faces": {
        "north": {
          "texture": "#1",
          "uv": [
            13,
            13,
            16,
            15
          ]
        },
        "east": {
          "texture": "#1",
          "uv": [
            13,
            13,
            16,
            15
          ]
        },
        "south": {
          "texture": "#1",
          "uv": [
            13,
            13,
            16,
            15
          ]
        },
        "west": {
          "texture": "#1",
          "uv": [
            13,
            13,
            16,
            15
          ]
        },
        "up": {
          "texture": "#1",
          "uv": [
            14,
            13,
            16,
            15
          ]
        },
        "down": {
          "texture": "#1",
          "uv": [
            14,
            13,
            16,
            15
          ]
        }
      }
    },
    {
      "name": "Element",
      "from": [
        7.5,
        9,
        9.5
      ],
      "to": [
        8.5,
        10,
        10
      ],
      "faces": {
        "east": {
          "texture": "#1",
          "uv": [
            7,
            0,
            8,
            2
          ]
        },
        "south": {
          "texture": "#1",
          "uv": [
            7,
            0,
            9,
            2
          ]
        },
        "west": {
          "texture": "#1",
          "uv": [
            7,
            0,
            8,
            2
          ]
        },
        "up": {
          "texture": "#1",
          "uv": [
            7,
            0,
            8,
            2
          ],
          "rotation": 90
        },
        "down": {
          "texture": "#1",
          "uv": [
            7,
            0,
            8,
            2
          ],
          "rotation": 270
        }
      }
    },
    {
      "name": "Element",
      "from": [
        7.5,
        11.5,
        9.5
      ],
      "to": [
        8.5,
        12.5,
        10
      ],
      "faces": {
        "east": {
          "texture": "#1",
          "uv": [
            7,
            0,
            8,
            2
          ]
        },
        "south": {
          "texture": "#1",
          "uv": [
            7,
            0,
            9,
            2
          ]
        },
        "west": {
          "texture": "#1",
          "uv": [
            7,
            0,
            8,
            2
          ]
        },
        "up": {
          "texture": "#1",
          "uv": [
            7,
            0,
            8,
            2
          ],
          "rotation": 90
        },
        "down": {
          "texture": "#1",
          "uv": [
            7,
            0,
            8,
            2
          ],
          "rotation": 270
        }
      }
    },
    {
      "name": "Element",
      "from": [
        7.5,
        14,
        9.5
      ],
      "to": [
        8.5,
        15,
        10
      ],
      "faces": {
        "east": {
          "texture": "#1",
          "uv": [
            7,
            0,
            8,
            2
          ]
        },
        "south": {
          "texture": "#1",
          "uv": [
            7,
            0,
            9,
            2
          ]
        },
        "west": {
          "texture": "#1",
          "uv": [
            7,
            0,
            8,
            2
          ]
        },
        "up": {
          "texture": "#1",
          "uv": [
            7,
            0,
            8,
            2
          ],
          "rotation": 90
        },
        "down": {
          "texture": "#1",
          "uv": [
            7,
            0,
            8,
            2
          ],
          "rotation": 270
        }
      }
    },
    {
      "name": "Element",
      "from": [
        6,
        14,
        7.5
      ],
      "to": [
        6.5,
        15,
        8.5
      ],
      "faces": {
        "north": {
          "texture": "#1",
          "uv": [
            7,
            0,
            8,
            2
          ]
        },
        "south": {
          "texture": "#1",
          "uv": [
            7,
            0,
            8,
            2
          ]
        },
        "west": {
          "texture": "#1",
          "uv": [
            7,
            0,
            9,
            2
          ]
        },
        "up": {
          "texture": "#1",
          "uv": [
            7,
            0,
            8,
            2
          ],
          "rotation": 180
        },
        "down": {
          "texture": "#1",
          "uv": [
            7,
            0,
            8,
            2
          ],
          "rotation": 180
        }
      }
    },
    {
      "name": "Element",
      "from": [
        6,
        11.5,
        7.5
      ],
      "to": [
        6.5,
        12.5,
        8.5
      ],
      "faces": {
        "north": {
          "texture": "#1",
          "uv": [
            7,
            0,
            8,
            2
          ]
        },
        "south": {
          "texture": "#1",
          "uv": [
            7,
            0,
            8,
            2
          ]
        },
        "west": {
          "texture": "#1",
          "uv": [
            7,
            0,
            9,
            2
          ]
        },
        "up": {
          "texture": "#1",
          "uv": [
            7,
            0,
            8,
            2
          ],
          "rotation": 180
        },
        "down": {
          "texture": "#1",
          "uv": [
            7,
            0,
            8,
            2
          ],
          "rotation": 180
        }
      }
    },
    {
      "name": "Element",
      "from": [
        6,
        9,
        7.5
      ],
      "to": [
        6.5,
        10,
        8.5
      ],
      "faces": {
        "north": {
          "texture": "#1",
          "uv": [
            7,
            0,
            8,
            2
          ]
        },
        "south": {
          "texture": "#1",
          "uv": [
            7,
            0,
            8,
            2
          ]
        },
        "west": {
          "texture": "#1",
          "uv": [
            7,
            0,
            9,
            2
          ]
        },
        "up": {
          "texture": "#1",
          "uv": [
            7,
            0,
            8,
            2
          ],
          "rotation": 180
        },
        "down": {
          "texture": "#1",
          "uv": [
            7,
            0,
            8,
            2
          ],
          "rotation": 180
        }
      }
    },
    {
      "name": "Element",
      "from": [
        7.5,
        9,
        6
      ],
      "to": [
        8.5,
        10,
        6.5
      ],
      "faces": {
        "north": {
          "texture": "#1",
          "uv": [
            7,
            0,
            9,
            2
          ]
        },
        "east": {
          "texture": "#1",
          "uv": [
            7,
            0,
            8,
            2
          ]
        },
        "west": {
          "texture": "#1",
          "uv": [
            7,
            0,
            8,
            2
          ]
        },
        "up": {
          "texture": "#1",
          "uv": [
            7,
            0,
            8,
            2
          ],
          "rotation": 270
        },
        "down": {
          "texture": "#1",
          "uv": [
            7,
            0,
            8,
            2
          ],
          "rotation": 90
        }
      }
    },
    {
      "name": "Element",
      "from": [
        7.5,
        11.5,
        6
      ],
      "to": [
        8.5,
        12.5,
        6.5
      ],
      "faces": {
        "north": {
          "texture": "#1",
          "uv": [
            7,
            0,
            9,
            2
          ]
        },
        "east": {
          "texture": "#1",
          "uv": [
            7,
            0,
            8,
            2
          ]
        },
        "west": {
          "texture": "#1",
          "uv": [
            7,
            0,
            8,
            2
          ]
        },
        "up": {
          "texture": "#1",
          "uv": [
            7,
            0,
            8,
            2
          ],
          "rotation": 270
        },
        "down": {
          "texture": "#1",
          "uv": [
            7,
            0,
            8,
            2
          ],
          "rotation": 90
        }
      }
    },
    {
      "name": "Element",
      "from": [
        7.5,
        14,
        6
      ],
      "to": [
        8.5,
        15,
        6.5
      ],
      "faces": {
        "north": {
          "texture": "#1",
          "uv": [
            7,
            0,
            9,
            2
          ]
        },
        "east": {
          "texture": "#1",
          "uv": [
            7,
            0,
            8,
            2
          ]
        },
        "west": {
          "texture": "#1",
          "uv": [
            7,
            0,
            8,
            2
          ]
        },
        "up": {
          "texture": "#1",
          "uv": [
            7,
            0,
            8,
            2
          ],
          "rotation": 270
        },
        "down": {
          "texture": "#1",
          "uv": [
            7,
            0,
            8,
            2
          ],
          "rotation": 90
        }
      }
    },
    {
      "name": "Element",
      "from": [
        7.75,
        9.25,
        9.8
      ],
      "to": [
        8.25,
        9.75,
        10.6
      ],
      "faces": {
        "east": {
          "texture": "#1_1",
          "uv": [
            7,
            0,
            7.5,
            1
          ]
        },
        "south": {
          "texture": "#1_1",
          "uv": [
            7,
            0,
            8,
            1
          ]
        },
        "west": {
          "texture": "#1_1",
          "uv": [
            7,
            0,
            7.5,
            1
          ]
        },
        "up": {
          "texture": "#1_1",
          "uv": [
            7,
            0,
            7.5,
            1
          ]
        },
        "down": {
          "texture": "#1_1",
          "uv": [
            7,
            0,
            7.5,
            1
          ]
        }
      }
    },
    {
      "name": "Element",
      "from": [
        5.4,
        9.25,
        7.75
      ],
      "to": [
        6.2,
        9.75,
        8.25
      ],
      "faces": {
        "north": {
          "texture": "#1_1",
          "uv": [
            7,
            0,
            7.5,
            1
          ]
        },
        "south": {
          "texture": "#1_1",
          "uv": [
            7,
            0,
            7.5,
            1
          ]
        },
        "west": {
          "texture": "#1_1",
          "uv": [
            7,
            0,
            8,
            1
          ]
        },
        "up": {
          "texture": "#1_1",
          "uv": [
            7,
            0,
            7.5,
            1
          ]
        },
        "down": {
          "texture": "#1_1",
          "uv": [
            7,
            0,
            7.5,
            1
          ]
        }
      }
    },
    {
      "name": "Element",
      "from": [
        7.75,
        9.25,
        5.4
      ],
      "to": [
        8.25,
        9.75,
        6.2
      ],
      "faces": {
        "north": {
          "texture": "#1_1",
          "uv": [
            7,
            0,
            8,
            1
          ]
        },
        "east": {
          "texture": "#1_1",
          "uv": [
            7,
            0,
            7.5,
            1
          ]
        },
        "west": {
          "texture": "#1_1",
          "uv": [
            7,
            0,
            7.5,
            1
          ]
        },
        "up": {
          "texture": "#1_1",
          "uv": [
            7,
            0,
            7.5,
            1
          ]
        },
        "down": {
          "texture": "#1_1",
          "uv": [
            7,
            0,
            7.5,
            1
          ]
        }
      }
    },
    {
      "name": "Element",
      "from": [
        9.8,
        9.25,
        7.75
      ],
      "to": [
        10.6,
        9.75,
        8.25
      ],
      "faces": {
        "north": {
          "texture": "#1_1",
          "uv": [
            7,
            0,
            7.5,
            1
          ]
        },
        "east": {
          "texture": "#1_1",
          "uv": [
            7,
            0,
            8,
            1
          ]
        },
        "south": {
          "texture": "#1_1",
          "uv": [
            7,
            0,
            7.5,
            1
          ]
        },
        "up": {
          "texture": "#1_1",
          "uv": [
            7,
            0,
            7.5,
            1
          ]
        },
        "down": {
          "texture": "#1_1",
          "uv": [
            7,
            0,
            7.5,
            1
          ]
        }
      }
    },
    {
      "name": "Element",
      "from": [
        7.75,
        16,
        7.75
      ],
      "to": [
        8.25,
        16.8,
        8.25
      ],
      "faces": {
        "north": {
          "texture": "#1_1",
          "uv": [
            7,
            0,
            7.5,
            1
          ]
        },
        "east": {
          "texture": "#1_1",
          "uv": [
            7,
            0,
            7.5,
            1
          ]
        },
        "south": {
          "texture": "#1_1",
          "uv": [
            7,
            0,
            7.5,
            1
          ]
        },
        "west": {
          "texture": "#1_1",
          "uv": [
            7,
            0,
            7.5,
            1
          ]
        },
        "up": {
          "texture": "#1_1",
          "uv": [
            7,
            0,
            8,
            1
          ]
        }
      }
    },
    {
      "name": "Element",
      "from": [
        5.4,
        14.25,
        7.75
      ],
      "to": [
        6.2,
        14.75,
        8.25
      ],
      "faces": {
        "north": {
          "texture": "#1_1",
          "uv": [
            7,
            0,
            7.5,
            1
          ]
        },
        "south": {
          "texture": "#1_1",
          "uv": [
            7,
            0,
            7.5,
            1
          ]
        },
        "west": {
          "texture": "#1_1",
          "uv": [
            7,
            0,
            8,
            1
          ]
        },
        "up": {
          "texture": "#1_1",
          "uv": [
            7,
            0,
            7.5,
            1
          ]
        },
        "down": {
          "texture": "#1_1",
          "uv": [
            7,
            0,
            7.5,
            1
          ]
        }
      }
    },
    {
      "name": "Element",
      "from": [
        7.75,
        14.25,
        9.8
      ],
      "to": [
        8.25,
        14.75,
        10.6
      ],
      "faces": {
        "east": {
          "texture": "#1_1",
          "uv": [
            7,
            0,
            7.5,
            1
          ]
        },
        "south": {
          "texture": "#1_1",
          "uv": [
            7,
            0,
            8,
            1
          ]
        },
        "west": {
          "texture": "#1_1",
          "uv": [
            7,
            0,
            7.5,
            1
          ]
        },
        "up": {
          "texture": "#1_1",
          "uv": [
            7,
            0,
            7.5,
            1
          ]
        },
        "down": {
          "texture": "#1_1",
          "uv": [
            7,
            0,
            7.5,
            1
          ]
        }
      }
    },
    {
      "name": "Element",
      "from": [
        7.75,
        14.25,
        5.4
      ],
      "to": [
        8.25,
        14.75,
        6.2
      ],
      "faces": {
        "north": {
          "texture": "#1_1",
          "uv": [
            7,
            0,
            8,
            1
          ]
        },
        "east": {
          "texture": "#1_1",
          "uv": [
            7,
            0,
            7.5,
            1
          ]
        },
        "west": {
          "texture": "#1_1",
          "uv": [
            7,
            0,
            7.5,
            1
          ]
        },
        "up": {
          "texture": "#1_1",
          "uv": [
            7,
            0,
            7.5,
            1
          ]
        },
        "down": {
          "texture": "#1_1",
          "uv": [
            7,
            0,
            7.5,
            1
          ]
        }
      }
    },
    {
      "name": "Element",
      "from": [
        9.8,
        14.25,
        7.75
      ],
      "to": [
        10.6,
        14.75,
        8.25
      ],
      "faces": {
        "north": {
          "texture": "#1_1",
          "uv": [
            7,
            0,
            7.5,
            1
          ]
        },
        "east": {
          "texture": "#1_1",
          "uv": [
            7,
            0,
            8,
            1
          ]
        },
        "south": {
          "texture": "#1_1",
          "uv": [
            7,
            0,
            7.5,
            1
          ]
        },
        "up": {
          "texture": "#1_1",
          "uv": [
            7,
            0,
            7.5,
            1
          ]
        },
        "down": {
          "texture": "#1_1",
          "uv": [
            7,
            0,
            7.5,
            1
          ]
        }
      }
    },
    {
      "name": "Element",
      "from": [
        5.4,
        11.75,
        7.75
      ],
      "to": [
        6.2,
        12.25,
        8.25
      ],
      "faces": {
        "north": {
          "texture": "#1_1",
          "uv": [
            7,
            0,
            7.5,
            1
          ]
        },
        "south": {
          "texture": "#1_1",
          "uv": [
            7,
            0,
            7.5,
            1
          ]
        },
        "west": {
          "texture": "#1_1",
          "uv": [
            7,
            0,
            8,
            1
          ]
        },
        "up": {
          "texture": "#1_1",
          "uv": [
            7,
            0,
            7.5,
            1
          ]
        },
        "down": {
          "texture": "#1_1",
          "uv": [
            7,
            0,
            7.5,
            1
          ]
        }
      }
    },
    {
      "name": "Element",
      "from": [
        7.75,
        11.75,
        9.8
      ],
      "to": [
        8.25,
        12.25,
        10.6
      ],
      "faces": {
        "east": {
          "texture": "#1_1",
          "uv": [
            7,
            0,
            7.5,
            1
          ]
        },
        "south": {
          "texture": "#1_1",
          "uv": [
            7,
            0,
            8,
            1
          ]
        },
        "west": {
          "texture": "#1_1",
          "uv": [
            7,
            0,
            7.5,
            1
          ]
        },
        "up": {
          "texture": "#1_1",
          "uv": [
            7,
            0,
            7.5,
            1
          ]
        },
        "down": {
          "texture": "#1_1",
          "uv": [
            7,
            0,
            7.5,
            1
          ]
        }
      }
    },
    {
      "name": "Element",
      "from": [
        7.75,
        11.75,
        5.4
      ],
      "to": [
        8.25,
        12.25,
        6.2
      ],
      "faces": {
        "north": {
          "texture": "#1_1",
          "uv": [
            7,
            0,
            8,
            1
          ]
        },
        "east": {
          "texture": "#1_1",
          "uv": [
            7,
            0,
            7.5,
            1
          ]
        },
        "west": {
          "texture": "#1_1",
          "uv": [
            7,
            0,
            7.5,
            1
          ]
        },
        "up": {
          "texture": "#1_1",
          "uv": [
            7,
            0,
            7.5,
            1
          ]
        },
        "down": {
          "texture": "#1_1",
          "uv": [
            7,
            0,
            7.5,
            1
          ]
        }
      }
    },
    {
      "name": "Element",
      "from": [
        9.8,
        11.75,
        7.75
      ],
      "to": [
        10.6,
        12.25,
        8.25
      ],
      "faces": {
        "north": {
          "texture": "#1_1",
          "uv": [
            7,
            0,
            7.5,
            1
          ]
        },
        "east": {
          "texture": "#1_1",
          "uv": [
            7,
            0,
            8,
            1
          ]
        },
        "south": {
          "texture": "#1_1",
          "uv": [
            7,
            0,
            7.5,
            1
          ]
        },
        "up": {
          "texture": "#1_1",
          "uv": [
            7,
            0,
            7.5,
            1
          ]
        },
        "down": {
          "texture": "#1_1",
          "uv": [
            7,
            0,
            7.5,
            1
          ]
        }
      }
    },
    {
      "name": "Element",
      "from": [
        7,
        8.3,
        6.85
      ],
      "to": [
        9,
        15.8,
        9.1
      ],
      "faces": {
        "north": {
          "texture": "#1",
          "uv": [
            0,
            0,
            7,
            14.5
          ]
        },
        "east": {
          "texture": "#1",
          "uv": [
            0.5,
            0,
            6.5,
            14.5
          ]
        },
        "south": {
          "texture": "#1",
          "uv": [
            0,
            0,
            7,
            14.5
          ]
        },
        "west": {
          "texture": "#1",
          "uv": [
            0.5,
            0,
            6.5,
            14.5
          ]
        },
        "up": {
          "texture": "#1",
          "uv": [
            7,
            2,
            14,
            8.5
          ],
          "rotation": 270
        }
      }
    },
    {
      "name": "Element",
      "from": [
        6.5,
        8.001,
        6.85
      ],
      "to": [
        9.5,
        15.501,
        9.1
      ],
      "faces": {
        "north": {
          "texture": "#1",
          "uv": [
            0,
            0,
            7,
            14.5
          ]
        },
        "east": {
          "texture": "#1",
          "uv": [
            0.5,
            0,
            6.5,
            14.5
          ]
        },
        "south": {
          "texture": "#1",
          "uv": [
            0,
            0,
            7,
            14.5
          ]
        },
        "west": {
          "texture": "#1",
          "uv": [
            0.5,
            0,
            6.5,
            14.5
          ]
        },
        "up": {
          "texture": "#1",
          "uv": [
            7,
            2,
            14,
            8.5
          ],
          "rotation": 270
        },
        "down": {
          "texture": "#1",
          "uv": [
            7,
            2,
            14,
            8.5
          ],
          "rotation": 90
        }
      }
    }
  ]
}
