{
  "credit": "Made_with_Blockbench",
  "textures": {
    "0": "block/3dmodel/goldensword",
    "particle": "block/3dmodel/goldensword"
  },
  "elements": [
    {
      "name": "Element",
      "from": [
        8,
        0,
        7
      ],
      "to": [
        9,
        17,
        11
      ],
      "faces": {
        "north": {
          "uv": [
            0,
            0,
            1.5,
            14.5
          ],
          "texture": "#0"
        },
        "east": {
          "uv": [
            0,
            0,
            7,
            14.5
          ],
          "texture": "#0"
        },
        "south": {
          "uv": [
            0,
            0,
            1.5,
            14.5
          ],
          "texture": "#0"
        },
        "west": {
          "uv": [
            0,
            0,
            7,
            14.5
          ],
          "texture": "#0"
        },
        "up": {
          "uv": [
            0,
            0,
            1.5,
            8
          ],
          "texture": "#0"
        },
        "down": {
          "uv": [
            0,
            0,
            1.5,
            8
          ],
          "texture": "#0"
        }
      }
    },
    {
      "name": "Element",
      "from": [
        7.75,
        15,
        8.5
      ],
      "to": [
        9.25,
        16,
        9.5
      ],
      "faces": {
        "north": {
          "uv": [
            7.5,
            0,
            9,
            1
          ],
          "texture": "#0"
        },
        "east": {
          "uv": [
            7.5,
            0.5,
            8.5,
            1.5
          ],
          "texture": "#0"
        },
        "south": {
          "uv": [
            7.5,
            0,
            9,
            1
          ],
          "texture": "#0"
        },
        "west": {
          "uv": [
            7.5,
            0.5,
            8.5,
            1.5
          ],
          "texture": "#0"
        },
        "up": {
          "uv": [
            7.5,
            0,
            9,
            1
          ],
          "texture": "#0"
        },
        "down": {
          "uv": [
            7.5,
            0,
            9,
            1
          ],
          "texture": "#0"
        }
      }
    },
    {
      "name": "Element",
      "from": [
        7.75,
        1,
        8.5
      ],
      "to": [
        9.25,
        2,
        9.5
      ],
      "faces": {
        "north": {
          "uv": [
            7.5,
            0,
            9,
            1
          ],
          "texture": "#0"
        },
        "east": {
          "uv": [
            7.5,
            0.5,
            8.5,
            1.5
          ],
          "texture": "#0"
        },
        "south": {
          "uv": [
            7.5,
            0,
            9,
            1
          ],
          "texture": "#0"
        },
        "west": {
          "uv": [
            7.5,
            0.5,
            8.5,
            1.5
          ],
          "texture": "#0"
        },
        "up": {
          "uv": [
            7.5,
            0,
            9,
            1
          ],
          "texture": "#0"
        },
        "down": {
          "uv": [
            7.5,
            0,
            9,
            1
          ],
          "texture": "#0"
        }
      }
    }
  ],
  "display": {
    "thirdperson_righthand": {
      "rotation": [
        -8,
        0,
        0
      ],
      "translation": [
        0,
        3.25,
        -1
      ],
      "scale": [
        0.7,
        0.9,
        0.9
      ]
    },
    "firstperson_righthand": {
      "rotation": [
        13,
        183,
        9
      ],
      "translation": [
        0.13,
        4.2,
        2.13
      ],
      "scale": [
        0.68,
        0.68,
        0.68
      ]
    },
    "ground": {
      "translation": [
        0,
        3,
        0
      ],
      "scale": [
        0.5,
        0.5,
        0.5
      ]
    },
    "gui": {
      "rotation": [
        90,
        225,
        90
      ],
      "translation": [
        0,
        -1,
        0
      ]
    },
    "head": {
      "rotation": [
        0,
        180,
        0
      ],
      "translation": [
        0,
        13,
        7
      ]
    },
    "fixed": {
      "rotation": [
        90,
        135,
        90
      ],
      "translation": [
        -1,
        0,
        0
      ],
      "scale": [
        1.2,
        1.2,
        1.2
      ]
    }
  }
}
