{
	"credit": "Made with Blockbench",
	"textures": {
		"0": "block/3dmodel/metal_weapon4",
		"1": "block/3dmodel/metal_weapon5",
		"2": "block/light_gray_wool",
		"3": "block/3dmodel/Decorative_weapon",
		"particle": "block/light_gray_wool"
	},
	"elements": [
		{
			"name": "Mag",
			"from": [6.99, 1.99, 5.29],
			"to": [9.01, 8.01, 8.71],
			"rotation": {"angle": 22.5, "axis": "x", "origin": [8, 8, 8]},
			"faces": {
				"north": {"uv": [6, 0, 7.4, 8], "texture": "#0"},
				"east": {"uv": [5.5, 0.5, 8.9, 6.5], "texture": "#0"},
				"south": {"uv": [6, 0, 7.4, 8], "texture": "#0"},
				"west": {"uv": [5.5, 0.5, 8.9, 6.5], "texture": "#0"},
				"up": {"uv": [0, 0, 2, 3.4], "texture": "#0"},
				"down": {"uv": [6, 0, 7.4, 4], "texture": "#0"}
			}
		},
		{
			"name": "Mag",
			"from": [7, 2, 8.7],
			"to": [9, 2.2, 9.2],
			"rotation": {"angle": 22.5, "axis": "x", "origin": [8, 8, 8]},
			"faces": {
				"north": {"uv": [0, 0, 2, 0.2], "texture": "#0"},
				"east": {"uv": [0, 0, 0.5, 0.2], "texture": "#0"},
				"south": {"uv": [0, 0, 2, 0.2], "texture": "#0"},
				"west": {"uv": [0, 0, 0.5, 0.2], "texture": "#0"},
				"up": {"uv": [0, 0, 2, 0.5], "texture": "#0"},
				"down": {"uv": [0, 0, 2, 0.5], "texture": "#0"}
			}
		},
		{
			"name": "Body",
			"from": [7, 7.7, 5.3],
			"to": [9, 10.7, 8.7],
			"faces": {
				"north": {"uv": [6, 0, 7.4, 4], "texture": "#0"},
				"east": {"uv": [6, 0, 8.4, 2], "texture": "#0"},
				"south": {"uv": [6, 0, 7.4, 8], "texture": "#0"},
				"west": {"uv": [6, 0, 8.4, 2], "texture": "#0"},
				"up": {"uv": [0, 0, 2, 3.4], "texture": "#0"},
				"down": {"uv": [0, 0, 2, 3.4], "texture": "#0"}
			}
		},
		{
			"name": "Hammer",
			"from": [7, 10.7, 4.4],
			"to": [9, 12.1, 8.7],
			"faces": {
				"north": {"uv": [6, 0, 8.4, 2], "texture": "#0"},
				"east": {"uv": [6, 0, 8.4, 2], "texture": "#0"},
				"south": {"uv": [0, 0, 2, 1.4], "texture": "#0"},
				"west": {"uv": [6, 0, 8.4, 2], "texture": "#0"},
				"up": {"uv": [0, 0, 2, 4.3], "texture": "#0"},
				"down": {"uv": [0, 0, 2, 4.3], "texture": "#0"}
			}
		},
		{
			"name": "Trigger",
			"from": [7, 8.3, 8.7],
			"to": [9, 12.1, 10],
			"faces": {
				"north": {"uv": [0, 0, 2, 3.8], "texture": "#0"},
				"east": {"uv": [6, 0, 8.4, 5], "texture": "#0"},
				"south": {"uv": [6, 0, 8.4, 5], "texture": "#0"},
				"west": {"uv": [6, 0, 8.4, 5], "texture": "#0"},
				"up": {"uv": [0, 0, 2, 1.3], "texture": "#0"},
				"down": {"uv": [0, 0, 2, 1.3], "texture": "#0"}
			}
		},
		{
			"name": "Trigger",
			"from": [7.8, 8.5, 9.7],
			"to": [8.2, 11.9, 11.2],
			"faces": {
				"north": {"uv": [0, 0, 0.4, 3.4], "texture": "#0"},
				"east": {"uv": [10, 0, 13.299, 3.4], "texture": "#2"},
				"south": {"uv": [10, 0, 13.299, 3.4], "texture": "#2"},
				"west": {"uv": [10, 0, 13.299, 3.4], "texture": "#2"},
				"up": {"uv": [0, 0, 0.4, 1.3], "texture": "#0"},
				"down": {"uv": [0, 0, 0.4, 1.3], "texture": "#0"}
			}
		},
		{
			"name": "Trigger",
			"from": [7.5, 8.3, 10],
			"to": [8.5, 8.7, 13.8],
			"faces": {
				"north": {"uv": [0, 0, 1, 0.4], "texture": "#0"},
				"east": {"uv": [6, 0, 8.4, 6], "rotation": 90, "texture": "#0"},
				"south": {"uv": [0, 0, 1, 0.4], "texture": "#0"},
				"west": {"uv": [6, 0, 8.4, 6], "rotation": 90, "texture": "#0"},
				"up": {"uv": [6, 0, 8.4, 6], "texture": "#0"},
				"down": {"uv": [6, 0, 8.4, 6], "texture": "#0"}
			}
		},
		{
			"name": "Trigger",
			"from": [7.5, 11.7, 10],
			"to": [8.5, 12.1, 19.8],
			"faces": {
				"north": {"uv": [0, 0, 1, 0.4], "texture": "#0"},
				"east": {"uv": [2, 1, 13.4, 2], "texture": "#0"},
				"south": {"uv": [2, 1, 3.4, 2], "texture": "#0"},
				"west": {"uv": [2, 1, 13.4, 2], "texture": "#0"},
				"up": {"uv": [0, 0, 1, 8.8], "texture": "#0"},
				"down": {"uv": [6, 0, 7.4, 14], "texture": "#0"}
			}
		},
		{
			"name": "Trigger",
			"from": [7.5, 4.1, 12.3],
			"to": [8.5, 4.5, 13.1],
			"rotation": {"angle": -45, "axis": "x", "origin": [8, 8, 8]},
			"faces": {
				"north": {"uv": [0, 0, 1, 0.4], "texture": "#0"},
				"east": {"uv": [6, 0, 8.4, 3], "rotation": 90, "texture": "#0"},
				"south": {"uv": [0, 0, 1, 0.4], "texture": "#0"},
				"west": {"uv": [6, 0, 8.4, 3], "rotation": 90, "texture": "#0"},
				"up": {"uv": [6, 0, 8.4, 2], "texture": "#0"},
				"down": {"uv": [6, 0, 8.4, 2], "texture": "#0"}
			}
		},
		{
			"name": "Trigger",
			"from": [7.5, 8.9, 14],
			"to": [8.5, 11.7, 14.4],
			"faces": {
				"north": {"uv": [6, 0, 8.4, 6], "texture": "#0"},
				"east": {"uv": [6, 0, 8.4, 6], "texture": "#0"},
				"south": {"uv": [6, 0, 8.4, 6], "texture": "#0"},
				"west": {"uv": [6, 0, 8.4, 6], "texture": "#0"},
				"up": {"uv": [0, 0, 1, 0.4], "texture": "#0"},
				"down": {"uv": [0, 0, 1, 0.4], "texture": "#0"}
			}
		},
		{
			"name": "Body",
			"from": [7, 12.1, 4.4],
			"to": [9, 14.1, 22.8],
			"faces": {
				"north": {"uv": [6, 0, 8.4, 3], "texture": "#0"},
				"east": {"uv": [2, 1, 13.4, 3], "texture": "#0"},
				"south": {"uv": [5.5, 2.75, 8.25, 5.5], "texture": "#3"},
				"west": {"uv": [13.4, 1, 2, 3], "texture": "#0"},
				"up": {"uv": [6, 0, 7.4, 14], "texture": "#0"},
				"down": {"uv": [6, 0, 7.4, 14], "texture": "#0"}
			}
		},
		{
			"name": "Hammer",
			"from": [7.48176, 13.2, 3.5],
			"to": [8.48176, 13.8, 5],
			"rotation": {"angle": 22.5, "axis": "x", "origin": [7.98176, 14.10845, 3.65981]},
			"faces": {
				"north": {"uv": [0, 0, 2, 0.3], "texture": "#0"},
				"east": {"uv": [0, 0, 0.5, 0.3], "texture": "#0"},
				"south": {"uv": [0, 0, 2, 0.3], "texture": "#0"},
				"west": {"uv": [0, 0, 0.5, 0.3], "texture": "#0"},
				"up": {"uv": [0, 0, 2, 0.5], "texture": "#0"},
				"down": {"uv": [0, 0, 2, 0.5], "rotation": 90, "texture": "#0"}
			}
		},
		{
			"name": "Body",
			"from": [7.5, 14.4, 5.9],
			"to": [8.5, 15, 6.2],
			"faces": {
				"north": {"uv": [0, 0, 1, 0.6], "texture": "#0"},
				"east": {"uv": [0, 0, 0.3, 0.6], "texture": "#0"},
				"south": {"uv": [0, 0, 1, 0.6], "texture": "#0"},
				"west": {"uv": [0, 0, 0.3, 0.6], "texture": "#0"},
				"up": {"uv": [0, 0, 1, 0.3], "texture": "#0"},
				"down": {"uv": [0, 0, 1, 0.3], "texture": "#0"}
			}
		},
		{
			"name": "Body",
			"from": [7.3, 14.1, 4.8],
			"to": [8.7, 14.5, 22.8],
			"faces": {
				"north": {"uv": [0, 0, 1.4, 0.4], "texture": "#0"},
				"east": {"uv": [1.25, 1.25, 13.25, 1.9], "texture": "#0"},
				"south": {"uv": [2, 1.75, 6.15, 2.65], "texture": "#0"},
				"west": {"uv": [1.25, 1.25, 13.25, 1.9], "texture": "#0"},
				"up": {"uv": [6, 0, 7.4, 13], "texture": "#0"},
				"down": {"uv": [0, 0, 1.4, 15], "texture": "#0"}
			}
		},
		{
			"name": "Body",
			"from": [7.85, 14.2, 21.45837],
			"to": [8.15, 15, 22.45837],
			"faces": {
				"north": {"uv": [0, 0, 0.8, 0.3], "rotation": 90, "texture": "#0"},
				"east": {"uv": [0, 0, 1, 0.8], "rotation": 180, "texture": "#0"},
				"south": {"uv": [0, 0, 0.8, 0.3], "rotation": 270, "texture": "#0"},
				"west": {"uv": [0, 0, 1, 0.8], "texture": "#0"},
				"up": {"uv": [0, 0, 1, 0.3], "rotation": 270, "texture": "#0"},
				"down": {"uv": [0, 0, 1, 0.3], "rotation": 270, "texture": "#0"}
			}
		},
		{
			"name": "Mag",
			"from": [9, 2, 5.5],
			"to": [9.2, 9.6, 8.5],
			"rotation": {"angle": 22.5, "axis": "x", "origin": [8, 8, 8]},
			"faces": {
				"north": {"uv": [0, 0, 0.2, 7.6], "texture": "#1"},
				"east": {"uv": [0, 1.5, 6.25, 13.349], "texture": "#1"},
				"south": {"uv": [0, 0, 0.2, 7.6], "texture": "#1"},
				"west": {"uv": [0, 0, 3, 7.6], "texture": "#1"},
				"up": {"uv": [0, 0, 0.2, 3], "texture": "#1"},
				"down": {"uv": [0, 0, 0.2, 3], "texture": "#1"}
			}
		},
		{
			"name": "Mag",
			"from": [6.8, 2, 5.5],
			"to": [7, 9.6, 8.5],
			"rotation": {"angle": 22.5, "axis": "x", "origin": [8, 8, 8]},
			"faces": {
				"north": {"uv": [0, 0, 0.2, 7.6], "texture": "#1"},
				"east": {"uv": [5, 1, 8, 8.6], "texture": "#1"},
				"south": {"uv": [1, 0, 1.2, 7.6], "texture": "#1"},
				"west": {"uv": [0, 1.5, 6.25, 13.349], "texture": "#1"},
				"up": {"uv": [0, 0, 0.2, 3], "texture": "#1"},
				"down": {"uv": [0, 0, 0.2, 3], "texture": "#1"}
			}
		},
		{
			"name": "Mag",
			"from": [9.02, 9.32, 6.12],
			"to": [9.18, 11.58, 9.08],
			"faces": {
				"north": {"uv": [1, 0, 1.2, 2.3], "texture": "#1"},
				"east": {"uv": [0, 1.5, 6.25, 13.349], "texture": "#1"},
				"south": {"uv": [0, 0, 0.2, 2.3], "texture": "#1"},
				"west": {"uv": [0, 0, 3, 2.3], "texture": "#1"},
				"up": {"uv": [0, 0, 0.2, 3], "texture": "#1"},
				"down": {"uv": [0, 0, 0.2, 3], "texture": "#1"}
			}
		},
		{
			"name": "Mag",
			"from": [6.82, 9.32, 6.12],
			"to": [6.98, 11.58, 9.08],
			"faces": {
				"north": {"uv": [0, 0, 0.2, 3.3], "texture": "#1"},
				"east": {"uv": [3, 0, 6, 2.3], "texture": "#1"},
				"south": {"uv": [0, 0, 0.2, 2.3], "texture": "#1"},
				"west": {"uv": [0, 1.5, 6.25, 13.349], "texture": "#1"},
				"up": {"uv": [0, 0, 0.2, 3], "texture": "#1"},
				"down": {"uv": [0, 0, 0.2, 3], "texture": "#1"}
			}
		}
	],
	"display": {
		"thirdperson_righthand": {
			"rotation": [180, 0, 180],
			"translation": [0, -1.5, 0.15],
			"scale": [0.5, 0.5, 0.5]
		},
		"firstperson_righthand": {
			"rotation": [19, -172, -9],
			"translation": [1.75, 1.75, -0.75],
			"scale": [0.6, 0.6, 0.6]
		},
		"ground": {
			"translation": [0, 2.25, 0],
			"scale": [0.5, 0.5, 0.5]
		},
		"gui": {
			"rotation": [-60, 60, 60],
			"translation": [-2.5, -2.85, 0.4],
			"scale": [0.8, 0.8, 0.8]
		},
		"fixed": {
			"rotation": [0, 90, 0],
			"translation": [-3.25, -1.25, 0],
			"scale": [0.8, 0.8, 0.8]
		}
	}
}