{
	"credit": "Made with Blockbench",
	"textures": {
		"0": "block/3dmodel/lee1",
		"1": "block/3dmodel/metal_weapon2",
		"2": "block/3dmodel/metal_weapon",
		"3": "block/3dmodel/Decorative_weapon",
		"particle": "block/3dmodel/Decorative_weapon"
	},
	"elements": [
		{
			"name": "Back",
			"from": [7, 8, -6.75],
			"to": [9, 9.3, 3.65],
			"rotation": {"angle": -22.5, "axis": "x", "origin": [8, 8, 8]},
			"faces": {
				"north": {"uv": [0, 0, 1.98, 2.78], "texture": "#0"},
				"east": {"uv": [0, 0, 8.78, 5.18], "texture": "#0"},
				"south": {"uv": [0, 0, 5.78, 5.18], "rotation": 90, "texture": "#0"},
				"west": {"uv": [0, 0, 8.78, 5.18], "texture": "#0"},
				"up": {"uv": [0, 0, 8.78, 5.18], "rotation": 90, "texture": "#0"},
				"down": {"uv": [0, 0, 7.979, 3.48], "rotation": 90, "texture": "#0"}
			}
		},
		{
			"name": "Back",
			"from": [7.01, 3.24145, -6.2],
			"to": [8.99, 7.02145, -3.4],
			"faces": {
				"north": {"uv": [0, 4, 8.78, 11.18], "texture": "#0"},
				"east": {"uv": [0, 0, 12.78, 11.18], "texture": "#0"},
				"south": {"uv": [0, 0, 1.98, 3.78], "texture": "#0"},
				"west": {"uv": [0, 0, 12.78, 11.18], "texture": "#0"},
				"up": {"uv": [0, 0, 8.78, 5.18], "rotation": 90, "texture": "#0"},
				"down": {"uv": [0, 0, 1.98, 2.8], "texture": "#0"}
			}
		},
		{
			"name": "Back",
			"from": [7.02, 4.52, -4.78],
			"to": [8.98, 7.58, -0.92],
			"faces": {
				"north": {"uv": [0, 4, 8.78, 11.18], "texture": "#0"},
				"east": {"uv": [0, 0, 12.78, 11.18], "texture": "#0"},
				"south": {"uv": [0, 0, 1.96, 3.06], "texture": "#0"},
				"west": {"uv": [0, 0, 12.78, 11.18], "texture": "#0"},
				"up": {"uv": [0, 0, 8.78, 5.18], "rotation": 90, "texture": "#0"},
				"down": {"uv": [0, 0, 1.96, 3.86], "texture": "#0"}
			}
		},
		{
			"name": "Back",
			"from": [7.01, 5.61, -1.89],
			"to": [8.99, 7.79, 0.89],
			"faces": {
				"north": {"uv": [0, 4, 8.78, 11.18], "texture": "#0"},
				"east": {"uv": [0, 4, 11.78, 13.18], "texture": "#0"},
				"south": {"uv": [0, 0, 1.98, 2.18], "texture": "#0"},
				"west": {"uv": [0, 4, 11.78, 13.18], "texture": "#0"},
				"up": {"uv": [0, 0, 8.78, 5.18], "rotation": 90, "texture": "#0"},
				"down": {"uv": [0, 0, 1.98, 2.78], "texture": "#0"}
			}
		},
		{
			"name": "Back",
			"from": [7.02, 6.18, -0.3],
			"to": [8.98, 7.58, 1.4],
			"rotation": {"angle": -22.5, "axis": "x", "origin": [8, 6.70599, 0.7663]},
			"faces": {
				"north": {"uv": [0, 0, 1.96, 1.4], "rotation": 180, "texture": "#0"},
				"east": {"uv": [0, 4, 8.78, 11.18], "rotation": 270, "texture": "#0"},
				"south": {"uv": [0, 0, 8.78, 5.18], "rotation": 90, "texture": "#0"},
				"west": {"uv": [0, 4, 8.78, 11.18], "rotation": 90, "texture": "#0"},
				"up": {"uv": [0, 0, 6.28, 5.18], "rotation": 90, "texture": "#0"},
				"down": {"uv": [0, 0, 1.96, 1.7], "texture": "#0"}
			}
		},
		{
			"name": "Frame",
			"from": [7.01, 7.88, 2.41],
			"to": [8.99, 9.08, 5.89],
			"rotation": {"angle": -22.5, "axis": "x", "origin": [8, 8, 8]},
			"faces": {
				"north": {"uv": [0, 0, 1.98, 1.28], "texture": "#0"},
				"east": {"uv": [0, 0, 8.78, 5.18], "texture": "#0"},
				"south": {"uv": [0, 0, 1.98, 1.28], "texture": "#0"},
				"west": {"uv": [0, 0, 8.78, 5.18], "texture": "#0"},
				"up": {"uv": [0, 0, 8.78, 5.18], "rotation": 90, "texture": "#0"},
				"down": {"uv": [0, 0, 8.78, 5.18], "rotation": 90, "texture": "#0"}
			}
		},
		{
			"name": "Frame",
			"from": [7, 6.4, 5.3],
			"to": [9, 8.2, 8.9],
			"faces": {
				"north": {"uv": [0, 0, 7, 7.6], "rotation": 180, "texture": "#2"},
				"east": {"uv": [12.5, 0.75, 15.6, 3.049], "texture": "#2"},
				"south": {"uv": [0, 0, 7, 7.6], "rotation": 180, "texture": "#2"},
				"west": {"uv": [12.5, 0.75, 15.6, 3.049], "texture": "#2"},
				"up": {"uv": [9.5, 0.75, 13.6, 4.049], "rotation": 90, "texture": "#2"},
				"down": {"uv": [9.5, 0.75, 13.6, 4.049], "rotation": 90, "texture": "#2"}
			}
		},
		{
			"name": "Frame",
			"from": [7, 6.4, 8.9],
			"to": [9, 8.2, 11.7],
			"faces": {
				"north": {"uv": [0, 0, 2, 1.4], "texture": "#0"},
				"east": {"uv": [10.5, 0.75, 13.6, 3.049], "texture": "#2"},
				"south": {"uv": [11.5, 0.75, 14.6, 3.049], "rotation": 180, "texture": "#2"},
				"west": {"uv": [10.5, 0.75, 13.6, 3.049], "texture": "#2"},
				"up": {"uv": [9.5, 0.75, 13.6, 4.049], "rotation": 90, "texture": "#2"},
				"down": {"uv": [9.5, 0.75, 13.6, 4.049], "rotation": 90, "texture": "#2"}
			}
		},
		{
			"name": "Frame",
			"from": [7.05, 6.65, 4.45],
			"to": [8.95, 7.05, 5.85],
			"faces": {
				"north": {"uv": [0, 0, 1.9, 0.4], "texture": "#0"},
				"east": {"uv": [0, 0, 1.4, 0.4], "texture": "#0"},
				"south": {"uv": [0, 0, 1.9, 0.4], "texture": "#0"},
				"west": {"uv": [0, 0, 1.4, 0.4], "texture": "#0"},
				"up": {"uv": [0, 0, 1.9, 1.4], "texture": "#0"},
				"down": {"uv": [0, 0, 7.979, 2.48], "rotation": 90, "texture": "#0"}
			}
		},
		{
			"name": "Trigger",
			"from": [7.4, 5.5, 5.5],
			"to": [8.6, 7.5, 5.7],
			"faces": {
				"north": {"uv": [0, 0, 3.2, 2.9], "texture": "#1"},
				"east": {"uv": [0, 0, 1.2, 3], "texture": "#1"},
				"south": {"uv": [0, 0, 1.2, 3], "texture": "#1"},
				"west": {"uv": [0, 0, 1.2, 3], "texture": "#1"},
				"up": {"uv": [0, 0, 1.2, 0.2], "texture": "#2"},
				"down": {"uv": [0, 0, 3.2, 1.2], "texture": "#1"}
			}
		},
		{
			"name": "Trigger",
			"from": [7.4, 5.3, 5.7],
			"to": [8.6, 5.5, 7.6],
			"faces": {
				"north": {"uv": [0, 0, 3.2, 1.2], "texture": "#1"},
				"east": {"uv": [0, 0, 2.9, 1.2], "texture": "#1"},
				"south": {"uv": [0, 0, 1.2, 0.2], "texture": "#1"},
				"west": {"uv": [0, 0, 1.9, 0.2], "texture": "#1"},
				"up": {"uv": [0, 0, 3.2, 2.9], "texture": "#1"},
				"down": {"uv": [0, 0, 3.2, 2.9], "texture": "#1"}
			}
		},
		{
			"name": "Barrel",
			"from": [7.6, 7.4, 10.9],
			"to": [8.4, 8.2, 28.7],
			"faces": {
				"north": {"uv": [0, 0, 0.6, 0.6], "texture": "#2"},
				"east": {"uv": [0, 0.75, 15.8, 2.549], "texture": "#2"},
				"south": {"uv": [5.75, 3, 8.049, 5.299], "texture": "#3"},
				"west": {"uv": [0, 3, 15.8, 4.799], "rotation": 180, "texture": "#2"},
				"up": {"uv": [0, 0, 15.8, 1.799], "rotation": 270, "texture": "#2"},
				"down": {"uv": [0, 0, 0.6, 4.6], "texture": "#2"}
			}
		},
		{
			"name": "Trigger",
			"from": [7.4, 5.5, 7.5],
			"to": [8.6, 7.5, 7.7],
			"faces": {
				"north": {"uv": [0, 0, 3.2, 2.9], "texture": "#1"},
				"east": {"uv": [0, 0, 1.2, 3], "texture": "#1"},
				"south": {"uv": [0, 0, 1.2, 2], "texture": "#1"},
				"west": {"uv": [0, 0, 1.2, 3], "texture": "#1"},
				"up": {"uv": [0, 0, 1.2, 0.2], "texture": "#2"},
				"down": {"uv": [0, 0, 2.2, 1.2], "texture": "#1"}
			}
		},
		{
			"name": "Trigger",
			"from": [7.75, 5.8, 6.2],
			"to": [8.25, 7.8, 6.4],
			"faces": {
				"north": {"uv": [0, 0, 3.2, 2.9], "texture": "#1"},
				"east": {"uv": [0, 0, 1.2, 3], "texture": "#1"},
				"south": {"uv": [0, 0, 3.2, 2.9], "texture": "#1"},
				"west": {"uv": [0, 0, 1.2, 3], "texture": "#1"},
				"up": {"uv": [0, 0, 1.2, 0.2], "texture": "#2"},
				"down": {"uv": [0, 0, 3.2, 2.9], "texture": "#1"}
			}
		},
		{
			"name": "Barrel",
			"from": [7.2, 6, 23.5],
			"to": [8.8, 8.4, 24.2],
			"faces": {
				"north": {"uv": [0, 0, 3.2, 5], "texture": "#1"},
				"east": {"uv": [0, 0, 2.2, 7], "texture": "#1"},
				"south": {"uv": [0, 0, 3.2, 5], "texture": "#1"},
				"west": {"uv": [0, 0, 2.2, 7], "texture": "#1"},
				"up": {"uv": [0, 0, 2.1, 5.2], "rotation": 90, "texture": "#1"},
				"down": {"uv": [0, 0, 2.1, 5.2], "rotation": 90, "texture": "#1"}
			}
		},
		{
			"name": "Back",
			"from": [7.02, 0.12, 5.1],
			"to": [8.98, 3.92, 6.5],
			"rotation": {"angle": 45, "axis": "x", "origin": [8, 8, 8]},
			"faces": {
				"north": {"uv": [0, 0, 8.78, 5.18], "rotation": 90, "texture": "#0"},
				"east": {"uv": [0, 0, 8.78, 5.18], "rotation": 90, "texture": "#0"},
				"south": {"uv": [0, 0, 8.78, 5.18], "rotation": 90, "texture": "#0"},
				"west": {"uv": [0, 0, 8.78, 5.18], "rotation": 90, "texture": "#0"},
				"up": {"uv": [0, 0, 1.96, 1.4], "texture": "#0"},
				"down": {"uv": [0, 0, 7.979, 3.48], "rotation": 90, "texture": "#0"}
			}
		},
		{
			"name": "Barrel",
			"from": [7.6, 6.4, 11.7],
			"to": [8.4, 7.2, 25.5],
			"faces": {
				"north": {"uv": [0, 0, 0.6, 0.6], "texture": "#2"},
				"east": {"uv": [0, 0, 15.8, 1.799], "texture": "#2"},
				"south": {"uv": [4.5, 5, 6.1, 6.6], "texture": "#2"},
				"west": {"uv": [0, 0, 15.8, 1.799], "rotation": 180, "texture": "#2"},
				"up": {"uv": [0, 0, 15.8, 1.799], "rotation": 270, "texture": "#2"},
				"down": {"uv": [0, 0, 15.8, 1.799], "rotation": 180, "texture": "#2"}
			}
		},
		{
			"name": "Frame",
			"from": [7.15, 6, 16.9],
			"to": [8.85, 7.4, 21.7],
			"faces": {
				"north": {"uv": [0, 0, 8.78, 5.18], "texture": "#0"},
				"east": {"uv": [10, 0, 15.78, 13.18], "rotation": 90, "texture": "#0"},
				"south": {"uv": [0, 0, 8.78, 5.18], "texture": "#0"},
				"west": {"uv": [10, 0, 15.78, 13.18], "rotation": 90, "texture": "#0"},
				"up": {"uv": [0, 0, 6.78, 5.18], "rotation": 90, "texture": "#0"},
				"down": {"uv": [0, 0, 7.78, 5.18], "rotation": 90, "texture": "#0"}
			}
		},
		{
			"name": "Frame",
			"from": [7.4, 6.3, 8.3],
			"to": [8.6, 6.9, 10.5],
			"faces": {
				"north": {"uv": [0, 0, 2.7, 4.2], "texture": "#1"},
				"east": {"uv": [0, 0, 2.7, 4.2], "texture": "#1"},
				"south": {"uv": [0, 0, 2.7, 4.2], "texture": "#1"},
				"west": {"uv": [0, 0, 2.7, 4.2], "texture": "#1"},
				"up": {"uv": [0, 0, 1.2, 2.2], "texture": "#2"},
				"down": {"uv": [0, 0, 2.7, 4.2], "texture": "#1"}
			}
		},
		{
			"name": "Frame",
			"from": [7.3, 7.7, 5.72],
			"to": [8.7, 8.4, 11.72],
			"faces": {
				"north": {"uv": [0, 0, 5.5, 4.299], "rotation": 180, "texture": "#2"},
				"east": {"uv": [0, 0, 5.5, 4.299], "rotation": 180, "texture": "#2"},
				"south": {"uv": [11.5, 0.75, 13.6, 2.549], "rotation": 180, "texture": "#2"},
				"west": {"uv": [0, 0, 5.5, 4.299], "rotation": 180, "texture": "#2"},
				"up": {"uv": [1, 0, 9, 13.6], "rotation": 180, "texture": "#2"},
				"down": {"uv": [0, 0, 6, 9.799], "rotation": 180, "texture": "#2"}
			}
		},
		{
			"name": "Trigger",
			"from": [7.75, 7.8, 5.2],
			"to": [8.25, 9.1, 5.4],
			"rotation": {"angle": -22.5, "axis": "x", "origin": [8, 9.3, 6.3]},
			"faces": {
				"north": {"uv": [0, 0, 3.2, 2.9], "texture": "#1"},
				"east": {"uv": [0, 0, 1.2, 3], "texture": "#1"},
				"south": {"uv": [0, 0, 3.2, 2.9], "texture": "#1"},
				"west": {"uv": [0, 0, 1.2, 3], "texture": "#1"},
				"up": {"uv": [0, 0, 2.5, 2.2], "texture": "#1"},
				"down": {"uv": [0, 0, 3.2, 2.9], "texture": "#1"}
			}
		},
		{
			"name": "Frame",
			"from": [6.9, 6.85, 8.5],
			"to": [7.3, 7.85, 10.7],
			"faces": {
				"north": {"uv": [0, 0, 3.2, 2.9], "texture": "#1"},
				"east": {"uv": [0, 2, 9.6, 6.1], "rotation": 180, "texture": "#2"},
				"south": {"uv": [0, 0, 3.2, 2.9], "texture": "#1"},
				"west": {"uv": [11.7, 14, 15.95, 16], "texture": "#1"},
				"up": {"uv": [0, 0, 3.2, 2.9], "texture": "#1"},
				"down": {"uv": [0, 0, 3.2, 2.9], "texture": "#1"}
			}
		}
	],
	"display": {
		"thirdperson_righthand": {
			"rotation": [180, 0, 180],
			"translation": [-2, 1.6, -3],
			"scale": [0.8, 0.8, 0.6]
		},
		"firstperson_righthand": {
			"rotation": [8, -125, -5],
			"translation": [-6.5, 4.5, 0]
		},
		"ground": {
			"translation": [0, 3.25, 0],
			"scale": [0.6, 0.6, 0.6]
		},
		"gui": {
			"rotation": [-90, 57, 100],
			"translation": [-2.45, 0.5, 0],
			"scale": [0.08, 0.99, 0.62]
		},
		"fixed": {
			"rotation": [0, 90, 0],
			"translation": [-1, 0, -2.25]
		}
	}
}