{
	"credit": "Made with Blockbench",
	"textures": {
		"0": "block/3dmodel/grenade",
		"particle": "blocks/3dmodel/grenade"
	},
	"elements": [
		{
			"from": [6, 13.5, 6],
			"to": [10, 18.5, 10],
			"faces": {
				"north": {"uv": [2, 2, 5.5, 6.5], "texture": "#0"},
				"east": {"uv": [2, 2, 5.5, 6.5], "texture": "#0"},
				"south": {"uv": [2, 2, 5.5, 6.5], "texture": "#0"},
				"west": {"uv": [2, 2, 5.5, 6.5], "texture": "#0"},
				"up": {"uv": [2, 2, 5.5, 6.5], "texture": "#0"},
				"down": {"uv": [2, 2, 5.5, 6.5], "texture": "#0"}
			}
		},
		{
			"from": [7, 0.5, 7],
			"to": [9, 12.5, 9],
			"faces": {
				"north": {"uv": [3, 6.5, 4.5, 14.5], "texture": "#0"},
				"east": {"uv": [3, 6.5, 4.5, 14.5], "texture": "#0"},
				"south": {"uv": [3, 6.5, 4.5, 14.5], "texture": "#0"},
				"west": {"uv": [3, 6.5, 4.5, 14.5], "texture": "#0"},
				"up": {"uv": [0, 0, 4, 4], "texture": "#missing"},
				"down": {"uv": [2, 2, 3, 3], "texture": "#0"}
			}
		},
		{
			"from": [7, 12.5, 7],
			"to": [9, 15.5, 9],
			"faces": {
				"north": {"uv": [3, 5, 4.5, 6.5], "texture": "#0"},
				"east": {"uv": [3, 5, 4.5, 6.5], "texture": "#0"},
				"south": {"uv": [3, 5, 4.5, 6.5], "texture": "#0"},
				"west": {"uv": [3, 5, 4.5, 6.5], "texture": "#0"},
				"up": {"uv": [0, 0, 4, 4], "texture": "#missing"},
				"down": {"uv": [0, 0, 4, 4], "texture": "#missing"}
			}
		}
	],
	"display": {
		"thirdperson_righthand": {
			"rotation": [0, 7, 0],
			"translation": [0, -0.25, 1],
			"scale": [0.7, 0.7, 0.7]
		},
		"firstperson_righthand": {
			"rotation": [-9, -12, -19],
			"translation": [6, -3, -4.5]
		},
		"ground": {
			"translation": [0, 2.25, 0],
			"scale": [0.5, 0.5, 0.5]
		},
		"gui": {
			"translation": [0.25, -1.75, 0],
			"scale": [0.9, 0.8, 0.8]
		},
		"fixed": {
			"translation": [-0.25, -1.25, 0],
			"scale": [1, 0.9, 1]
		}
	}
}