{
	"credit": "Made with Blockbench",
	"textures": {
		"0": "block/3dmodel/metal_weapon",
		"1": "block/spruce_planks",
		"2": "block/polished_andesite",
		"3": "block/3dmodel/Decorative_weapon",
		"4": "block/3dmodel/metal_weapon5",
		"particle": "block/polished_andesite"
	},
	"elements": [
		{
			"name": "Trigger",
			"from": [7.04973, 9.8, 5.2],
			"to": [8.94973, 12.4, 9.9],
			"faces": {
				"north": {"uv": [0, 0, 2, 3.8], "texture": "#0"},
				"east": {"uv": [2.5, 3, 11.55, 6.4], "texture": "#0"},
				"south": {"uv": [2.5, 0.5, 11.55, 6.4], "texture": "#0"},
				"west": {"uv": [2.5, 3, 11.55, 6.4], "texture": "#0"},
				"up": {"uv": [0, 0, 2, 1.3], "texture": "#0"},
				"down": {"uv": [0, 0, 2, 1.3], "texture": "#0"}
			}
		},
		{
			"name": "Trigger",
			"from": [7.89973, 9, 10.5],
			"to": [8.09973, 9.2, 11.6],
			"faces": {
				"north": {"uv": [5.25, 8, 6.299, 9.15], "texture": "#2"},
				"east": {"uv": [5.25, 8, 9.299, 9.15], "texture": "#2"},
				"south": {"uv": [5.25, 8, 6.299, 9.15], "texture": "#2"},
				"west": {"uv": [5.25, 8, 9.299, 9.15], "texture": "#2"},
				"up": {"uv": [5.25, 8, 9.299, 9.15], "rotation": 90, "texture": "#2"},
				"down": {"uv": [5.25, 8, 9.299, 9.15], "rotation": 90, "texture": "#2"}
			}
		},
		{
			"name": "Trigger",
			"from": [7.49973, 8, 10.4],
			"to": [8.49973, 8.4, 13],
			"faces": {
				"north": {"uv": [0, 0, 1, 0.4], "texture": "#0"},
				"east": {"uv": [0, 0, 3.8, 0.4], "texture": "#0"},
				"south": {"uv": [0, 0, 1, 0.4], "texture": "#0"},
				"west": {"uv": [0, 0, 3.8, 0.4], "texture": "#0"},
				"up": {"uv": [0, 0, 1, 3.8], "texture": "#0"},
				"down": {"uv": [0, 0, 1, 3.8], "texture": "#0"}
			}
		},
		{
			"name": "Trigger",
			"from": [7.04973, 10.6, 9.9],
			"to": [8.94973, 12.6, 15.7],
			"faces": {
				"north": {"uv": [0, 0, 1, 0.4], "texture": "#0"},
				"east": {"uv": [3, 2.5, 11.8, 5.65], "texture": "#0"},
				"south": {"uv": [4, 0, 12.8, 3.15], "texture": "#0"},
				"west": {"uv": [3, 2.5, 11.8, 5.65], "texture": "#0"},
				"up": {"uv": [0, 0, 1, 8.8], "texture": "#0"},
				"down": {"uv": [0, 0, 1, 8.8], "texture": "#0"}
			}
		},
		{
			"name": "Trigger",
			"from": [7.49973, 8.4, 12.6],
			"to": [8.49973, 11.2, 13],
			"faces": {
				"north": {"uv": [0, 0, 1, 2.8], "texture": "#0"},
				"east": {"uv": [0, 0, 0.4, 2.8], "texture": "#0"},
				"south": {"uv": [0, 0, 1, 2.8], "texture": "#0"},
				"west": {"uv": [0, 0, 0.4, 2.8], "texture": "#0"},
				"up": {"uv": [0, 0, 1, 0.4], "texture": "#0"},
				"down": {"uv": [0, 0, 1, 0.4], "texture": "#0"}
			}
		},
		{
			"name": "Body",
			"from": [7.39973, 12.6, 10.8],
			"to": [8.59973, 13.8, 25.4],
			"faces": {
				"north": {"uv": [0, 0, 2, 2], "texture": "#0"},
				"east": {"uv": [2, 1, 13.4, 3], "texture": "#0"},
				"south": {"uv": [5.5, 2.75, 8.25, 5.5], "texture": "#3"},
				"west": {"uv": [2, 1, 13.4, 3], "texture": "#0"},
				"up": {"uv": [4, 0, 6, 8.4], "texture": "#0"},
				"down": {"uv": [0, 0, 2, 8], "texture": "#0"}
			}
		},
		{
			"name": "Body",
			"from": [7.84973, 13.5, 24.1],
			"to": [8.14973, 14.9, 25.1],
			"faces": {
				"north": {"uv": [3.5, 1.5, 4.25, 4.55], "rotation": 180, "texture": "#0"},
				"east": {"uv": [3.5, 1.5, 6.25, 4.55], "rotation": 180, "texture": "#0"},
				"south": {"uv": [3.5, 1.5, 4.25, 4.55], "rotation": 180, "texture": "#0"},
				"west": {"uv": [3.5, 1.5, 6.25, 4.55], "rotation": 180, "texture": "#0"},
				"up": {"uv": [3.5, 1.5, 4.25, 4.55], "rotation": 180, "texture": "#0"},
				"down": {"uv": [0, 0, 1, 0.3], "rotation": 270, "texture": "#0"}
			}
		},
		{
			"name": "Trigger",
			"from": [7.79973, 9.2, 10.4],
			"to": [8.19973, 12.6, 11.2],
			"faces": {
				"north": {"uv": [0, 0, 0.4, 3.4], "texture": "#0"},
				"east": {"uv": [10, 8, 11.299, 12.4], "texture": "#2"},
				"south": {"uv": [9, 8, 9.799, 12.4], "rotation": 180, "texture": "#2"},
				"west": {"uv": [10, 8, 11.299, 12.4], "texture": "#2"},
				"up": {"uv": [0, 0, 0.4, 1.3], "texture": "#0"},
				"down": {"uv": [0, 0, 0.4, 1.3], "texture": "#0"}
			}
		},
		{
			"name": "Body",
			"from": [6.99973, 12.4, 6.4],
			"to": [8.99973, 13.9, 17.2],
			"faces": {
				"north": {"uv": [0, 0, 2, 2], "texture": "#0"},
				"east": {"uv": [2, 8.75, 13.4, 11.75], "texture": "#0"},
				"south": {"uv": [3, 4, 10, 8], "texture": "#0"},
				"west": {"uv": [2, 8.75, 13.4, 11.75], "texture": "#0"},
				"up": {"uv": [4, 0, 6, 8.4], "texture": "#0"},
				"down": {"uv": [0, 0, 2, 8], "texture": "#0"}
			}
		},
		{
			"name": "Trigger",
			"from": [7.50973, 8.1, 9.75],
			"to": [8.48973, 8.93, 10.13],
			"rotation": {"angle": -45, "axis": "x", "origin": [7.99973, 8.72478, 10.139]},
			"faces": {
				"north": {"uv": [0, 0, 1, 0.8], "rotation": 180, "texture": "#0"},
				"east": {"uv": [0, 0, 0.8, 0.4], "rotation": 90, "texture": "#0"},
				"south": {"uv": [0, 0, 1, 0.8], "texture": "#0"},
				"west": {"uv": [0, 0, 0.8, 0.4], "rotation": 270, "texture": "#0"},
				"up": {"uv": [0, 0, 1, 0.4], "texture": "#0"},
				"down": {"uv": [0, 0, 1, 0.4], "rotation": 180, "texture": "#0"}
			}
		},
		{
			"name": "Mag",
			"from": [7.09973, 1.7, 5.5],
			"to": [8.89973, 2.7, 7.9],
			"rotation": {"angle": 22.5, "axis": "x", "origin": [7.99973, 8, 8]},
			"faces": {
				"north": {"uv": [1, 1.25, 6.25, 14.349], "texture": "#4"},
				"east": {"uv": [6.25, 9, 1, 14.349], "texture": "#4"},
				"south": {"uv": [1.75, 1.25, 6, 14.099], "texture": "#4"},
				"west": {"uv": [1, 9, 6.25, 14.349], "texture": "#4"},
				"up": {"uv": [1, 3.25, 6.25, 11.349], "texture": "#4"},
				"down": {"uv": [1, 3.25, 6.25, 11.349], "texture": "#4"}
			}
		},
		{
			"name": "Body",
			"from": [7.19973, 12.3, 6.1],
			"to": [8.79973, 14.2, 7.5],
			"faces": {
				"north": {"uv": [0, 0, 2, 2], "texture": "#0"},
				"east": {"uv": [2, 1, 13.4, 4], "texture": "#0"},
				"south": {"uv": [3, 4, 10, 8], "texture": "#0"},
				"west": {"uv": [2, 1, 13.4, 4], "texture": "#0"},
				"up": {"uv": [4, 0, 6, 2.65], "texture": "#0"},
				"down": {"uv": [0, 0, 2, 8], "texture": "#0"}
			}
		},
		{
			"name": "Trigger",
			"from": [7.02973, 7.98, 12.98],
			"to": [8.96973, 10.62, 15.42],
			"faces": {
				"north": {"uv": [6, 4, 9.8, 11.4], "texture": "#0"},
				"east": {"uv": [4.25, 0, 12.05, 3.65], "texture": "#0"},
				"south": {"uv": [4.25, 0, 12.05, 3.65], "texture": "#0"},
				"west": {"uv": [4.25, 0, 12.05, 3.65], "texture": "#0"},
				"up": {"uv": [0, 0, 1, 8.8], "texture": "#0"},
				"down": {"uv": [4.25, 0, 9.55, 3.65], "texture": "#0"}
			}
		},
		{
			"name": "Body",
			"from": [7.29973, 13.7, 13.3],
			"to": [8.69973, 14.1, 16.3],
			"faces": {
				"north": {"uv": [1, 4, 5.299, 6.15], "texture": "#2"},
				"east": {"uv": [1, 4, 5.299, 6.15], "texture": "#2"},
				"south": {"uv": [1, 4, 5.299, 6.15], "texture": "#2"},
				"west": {"uv": [1, 4, 5.299, 6.15], "texture": "#2"},
				"up": {"uv": [1.25, 4.5, 5.549, 12.65], "texture": "#2"},
				"down": {"uv": [0, 0, 1.4, 15], "texture": "#0"}
			}
		},
		{
			"name": "Body",
			"from": [7.09973, 13, 6.9],
			"to": [8.89973, 14.4, 13.6],
			"faces": {
				"north": {"uv": [0, 0, 2, 2], "texture": "#0"},
				"east": {"uv": [2, 1, 13.4, 4], "texture": "#0"},
				"south": {"uv": [3, 4, 10, 8], "texture": "#0"},
				"west": {"uv": [2, 1, 13.4, 4], "texture": "#0"},
				"up": {"uv": [4, 0, 6, 8.4], "texture": "#0"},
				"down": {"uv": [0, 0, 2, 8], "texture": "#0"}
			}
		},
		{
			"name": "Body",
			"from": [7.19973, 11.4, 4.6],
			"to": [8.79973, 12, 7],
			"faces": {
				"north": {"uv": [0, 0, 2, 1], "texture": "#0"},
				"east": {"uv": [0, 0, 2, 1], "texture": "#0"},
				"south": {"uv": [3, 4, 10, 8], "texture": "#0"},
				"west": {"uv": [0, 0, 2, 1], "texture": "#0"},
				"up": {"uv": [4, 0, 6, 8.4], "texture": "#0"},
				"down": {"uv": [0, 0, 2, 8], "texture": "#0"}
			}
		},
		{
			"name": "Body",
			"from": [7.54973, 12.2, 5],
			"to": [8.44973, 14.4, 5.6],
			"rotation": {"angle": -45, "axis": "x", "origin": [7.99973, 13.3, 5.9]},
			"faces": {
				"north": {"uv": [8.25, 6.25, 14.15, 14.5], "texture": "#2"},
				"east": {"uv": [11, 6.25, 14.15, 14.5], "texture": "#2"},
				"south": {"uv": [8.25, 6.25, 14.15, 14.5], "texture": "#2"},
				"west": {"uv": [11, 6.25, 14.15, 14.5], "texture": "#2"},
				"up": {"uv": [8.25, 6.25, 14.15, 14.5], "texture": "#2"},
				"down": {"uv": [8.25, 6.25, 14.15, 14.5], "texture": "#2"}
			}
		},
		{
			"name": "Trigger",
			"from": [7.49973, 8.6, 9.7],
			"to": [8.49973, 11.4, 10.1],
			"faces": {
				"north": {"uv": [0, 0, 1, 2.8], "texture": "#0"},
				"east": {"uv": [0, 0, 0.4, 2.8], "texture": "#0"},
				"south": {"uv": [0, 0, 1, 2.8], "texture": "#0"},
				"west": {"uv": [0, 0, 0.4, 2.8], "texture": "#0"},
				"up": {"uv": [0, 0, 1, 0.4], "texture": "#0"},
				"down": {"uv": [0, 0, 1, 0.4], "texture": "#0"}
			}
		},
		{
			"name": "Body",
			"from": [7.09973, 13, 16.1],
			"to": [8.89973, 14.4, 16.8],
			"faces": {
				"north": {"uv": [0, 0, 2, 2], "texture": "#0"},
				"east": {"uv": [2, 1, 13.4, 4], "rotation": 90, "texture": "#0"},
				"south": {"uv": [3, 4, 10, 8], "texture": "#0"},
				"west": {"uv": [2, 1, 13.4, 4], "rotation": 90, "texture": "#0"},
				"up": {"uv": [4, 0, 6, 1.9], "texture": "#0"},
				"down": {"uv": [0, 0, 2, 8], "texture": "#0"}
			}
		},
		{
			"name": "Body",
			"from": [7.19973, 13.5, 7],
			"to": [8.79973, 14.7, 12.5],
			"faces": {
				"north": {"uv": [0, 0, 2, 2], "texture": "#0"},
				"east": {"uv": [2, 1, 13.4, 4], "texture": "#0"},
				"south": {"uv": [3, 4, 10, 8], "texture": "#0"},
				"west": {"uv": [2, 1, 13.4, 4], "texture": "#0"},
				"up": {"uv": [4, 0, 6, 8.4], "texture": "#0"},
				"down": {"uv": [0, 0, 2, 8], "texture": "#0"}
			}
		},
		{
			"name": "Body",
			"from": [7.59973, 13.7, 4.5],
			"to": [8.39973, 14.5, 5.3],
			"rotation": {"angle": -45, "axis": "x", "origin": [7.99973, 13.3, 5.9]},
			"faces": {
				"north": {"uv": [8.25, 6.25, 14.15, 14.5], "texture": "#2"},
				"east": {"uv": [11, 6.25, 14.15, 14.5], "texture": "#2"},
				"south": {"uv": [8.25, 6.25, 14.15, 14.5], "texture": "#2"},
				"west": {"uv": [11, 6.25, 14.15, 14.5], "texture": "#2"},
				"up": {"uv": [8.25, 6.25, 14.15, 14.5], "texture": "#2"},
				"down": {"uv": [8.25, 6.25, 14.15, 14.5], "texture": "#2"}
			}
		},
		{
			"name": "Trigger",
			"from": [6.94973, 11.9, 6.8],
			"to": [9.04973, 12.5, 16],
			"faces": {
				"north": {"uv": [0.75, 13.25, 3.05, 14.75], "texture": "#2"},
				"east": {"uv": [0.75, 13.25, 14.55, 14.25], "texture": "#2"},
				"south": {"uv": [0.75, 13.25, 3.05, 14.75], "texture": "#2"},
				"west": {"uv": [0.75, 13.25, 14.55, 14.25], "texture": "#2"},
				"up": {"uv": [0, 0, 1, 8.8], "texture": "#0"},
				"down": {"uv": [0, 0, 1, 8.8], "texture": "#0"}
			}
		},
		{
			"name": "Mag",
			"from": [7.08973, 2.39, 4.2892],
			"to": [8.90973, 10.41, 7.0092],
			"rotation": {"angle": 22.5, "axis": "x", "origin": [7.99973, 5.69709, 6.74916]},
			"faces": {
				"north": {"uv": [1, 1.25, 6.25, 14.349], "texture": "#4"},
				"east": {"uv": [6, 1.25, 1, 13.099], "texture": "#4"},
				"south": {"uv": [1.75, 3.25, 2.5, 14.099], "texture": "#4"},
				"west": {"uv": [1, 1.25, 6, 13.099], "texture": "#4"},
				"down": {"uv": [1, 3.25, 6.25, 11.349], "texture": "#4"}
			}
		},
		{
			"name": "Mag",
			"from": [7.20078, 2.4, 5.5],
			"to": [8.80078, 6.2, 7],
			"faces": {
				"north": {"uv": [1, 1.25, 6.25, 14.349], "texture": "#4"},
				"east": {"uv": [6, 2, 1, 13.599], "texture": "#4"},
				"south": {"uv": [1.75, 1.25, 6, 14.099], "texture": "#4"},
				"west": {"uv": [1, 2, 6, 11.599], "texture": "#4"},
				"up": {"uv": [1, 3.25, 6.25, 11.349], "texture": "#4"},
				"down": {"uv": [1, 3.25, 6.25, 11.349], "texture": "#4"}
			}
		},
		{
			"name": "Mag",
			"from": [7.10078, 2.8, 6.1],
			"to": [8.90078, 4.8, 7.5],
			"faces": {
				"north": {"uv": [1, 1.25, 6.25, 14.349], "texture": "#4"},
				"east": {"uv": [6, 1.25, 1, 13.599], "texture": "#4"},
				"south": {"uv": [1.75, 1.25, 6, 14.099], "texture": "#4"},
				"west": {"uv": [1, 2, 6, 11.599], "texture": "#4"},
				"up": {"uv": [1, 3.25, 6.25, 11.349], "texture": "#4"},
				"down": {"uv": [1, 3.25, 6.25, 11.349], "texture": "#4"}
			}
		},
		{
			"name": "Mag",
			"from": [7.15078, 3.85, 6.35],
			"to": [8.85078, 5.75, 7.65],
			"faces": {
				"north": {"uv": [1, 1.25, 6.25, 14.349], "texture": "#4"},
				"east": {"uv": [6, 1.25, 1, 14.349], "texture": "#4"},
				"south": {"uv": [1.75, 1.25, 6, 14.099], "texture": "#4"},
				"west": {"uv": [1, 2, 6, 11.599], "texture": "#4"},
				"up": {"uv": [0, 0, 0.2, 3], "texture": "#missing"},
				"down": {"uv": [1, 3.25, 6.25, 11.349], "texture": "#4"}
			}
		},
		{
			"name": "Mag",
			"from": [7.10078, 4.8, 6.5],
			"to": [8.90078, 6.8, 7.9],
			"faces": {
				"north": {"uv": [1, 1.25, 6.25, 14.349], "texture": "#4"},
				"east": {"uv": [6, 2, 1, 11.599], "texture": "#4"},
				"south": {"uv": [1.75, 1.25, 6, 14.099], "texture": "#4"},
				"west": {"uv": [1, 2, 6, 11.599], "texture": "#4"},
				"up": {"uv": [1, 3.25, 6.25, 11.349], "texture": "#4"},
				"down": {"uv": [1, 3.25, 6.25, 11.349], "texture": "#4"}
			}
		},
		{
			"name": "Mag",
			"from": [7.15078, 5.85, 6.75],
			"to": [8.85078, 7.75, 8.05],
			"faces": {
				"north": {"uv": [1, 1.25, 6.25, 14.349], "texture": "#4"},
				"east": {"uv": [6, 1.25, 1, 11.599], "texture": "#4"},
				"south": {"uv": [1.75, 1.25, 6, 14.099], "texture": "#4"},
				"west": {"uv": [1, 2, 6, 11.599], "texture": "#4"},
				"up": {"uv": [0, 0, 0.2, 3], "texture": "#missing"},
				"down": {"uv": [1, 3.25, 6.25, 11.349], "texture": "#4"}
			}
		},
		{
			"name": "Mag",
			"from": [7.10078, 6.8, 6.9],
			"to": [8.90078, 8.8, 8.3],
			"faces": {
				"north": {"uv": [1, 1.25, 6.25, 14.349], "texture": "#4"},
				"east": {"uv": [6, 1.25, 1, 11.599], "texture": "#4"},
				"south": {"uv": [1.75, 1.25, 6, 14.099], "texture": "#4"},
				"west": {"uv": [1, 2, 6, 11.599], "texture": "#4"},
				"up": {"uv": [1, 3.25, 6.25, 11.349], "texture": "#4"},
				"down": {"uv": [1, 3.25, 6.25, 11.349], "texture": "#4"}
			}
		},
		{
			"name": "Mag",
			"from": [7.15078, 7.85, 7.15],
			"to": [8.85078, 9.75, 8.45],
			"faces": {
				"north": {"uv": [1, 1.25, 6.25, 14.349], "texture": "#4"},
				"east": {"uv": [6, 1.25, 1, 11.599], "texture": "#4"},
				"south": {"uv": [1.75, 1.25, 6, 14.099], "texture": "#4"},
				"west": {"uv": [1, 2, 6, 11.599], "texture": "#4"},
				"up": {"uv": [0, 0, 0.2, 3], "texture": "#missing"},
				"down": {"uv": [1, 3.25, 6.25, 11.349], "texture": "#4"}
			}
		},
		{
			"name": "Mag",
			"from": [7.10078, 8.8, 7.3],
			"to": [8.90078, 10.8, 8.7],
			"faces": {
				"north": {"uv": [1, 1.25, 6.25, 14.349], "texture": "#4"},
				"east": {"uv": [6, 1.25, 1, 11.599], "texture": "#4"},
				"south": {"uv": [1.75, 1.25, 6, 14.099], "texture": "#4"},
				"west": {"uv": [1, 2, 6, 11.599], "texture": "#4"},
				"up": {"uv": [1, 3.25, 6.25, 11.349], "texture": "#4"},
				"down": {"uv": [1, 3.25, 6.25, 11.349], "texture": "#4"}
			}
		},
		{
			"name": "Trigger",
			"from": [7.15, 3.1, 13.1],
			"to": [8.85, 10.5, 15.3],
			"faces": {
				"north": {"uv": [6.5, 0.75, 12.3, 15.25], "texture": "#2"},
				"east": {"uv": [5.25, 1, 15.55, 15.5], "texture": "#2"},
				"south": {"uv": [6.5, 0.75, 12.3, 15.25], "texture": "#2"},
				"west": {"uv": [15.55, 1, 5.25, 15.5], "texture": "#2"},
				"up": {"uv": [0, 0, 1, 8.8], "texture": "#0"},
				"down": {"uv": [4.5, 1.5, 13.3, 13.5], "texture": "#2"}
			}
		}
	],
	"display": {
		"thirdperson_righthand": {
			"rotation": [180, 0, 180],
			"translation": [0, -1.25, -0.6],
			"scale": [0.63, 0.57, 0.6]
		},
		"firstperson_righthand": {
			"rotation": [19, -172, -9],
			"translation": [1.75, 1.75, -0.75],
			"scale": [0.6, 0.6, 0.6]
		},
		"ground": {
			"translation": [0, 2.25, 0],
			"scale": [0.5, 0.5, 0.5]
		},
		"gui": {
			"rotation": [-57, 59, 59],
			"translation": [-3.25, -3.35, 0.4],
			"scale": [0.3, 0.87, 0.83]
		},
		"fixed": {
			"rotation": [0, 90, 0],
			"translation": [-5, -1.25, -0.75],
			"scale": [0.8, 0.8, 0.8]
		}
	}
}