{
	"credit": "Made with Blockbench",
	"textures": {
		"0": "block/3dmodel/skin2",
		"1": "block/3dmodel/lee3",
		"3": "block/3dmodel/metal_weapon",
		"4": "block/3dmodel/metal_weapon3",
		"5": "block/3dmodel/stone_andesite_smooth",
		"6": "block/3dmodel/Decorative_weapon",
		"particle": "block/3dmodel/metal_weapon",
		"1_6": "block/3dmodel/Decorative_weapon"
	},
	"elements": [
		{
			"name": "Back",
			"from": [6.98958, 1.2, -15.1],
			"to": [9.00958, 5.6, -13.58],
			"faces": {
				"north": {"uv": [0, 4.5, 5.3, 13.599], "texture": "#0"},
				"east": {"uv": [0, 4.5, 5.3, 13.599], "texture": "#0"},
				"south": {"uv": [0, 0, 2, 2.2], "texture": "#0"},
				"west": {"uv": [0, 4.5, 5.3, 13.599], "texture": "#0"},
				"up": {"uv": [0, 0, 8.55, 3.6], "rotation": 90, "texture": "#0"},
				"down": {"uv": [0, 0, 2, 2.5], "texture": "#0"}
			}
		},
		{
			"name": "Back",
			"from": [7.00968, 3.51, -15],
			"to": [8.98968, 6.59, -8.9],
			"faces": {
				"north": {"uv": [0.25, 0.75, 5.55, 6.599], "texture": "#0"},
				"east": {"uv": [0, 0, 13.3, 9.1], "texture": "#0"},
				"south": {"uv": [0, 0, 2, 3.1], "texture": "#0"},
				"west": {"uv": [0, 0, 13.3, 9.1], "texture": "#0"},
				"up": {"uv": [0, 5.5, 15.8, 10.349], "rotation": 90, "texture": "#0"},
				"down": {"uv": [0, 0, 2, 3.9], "texture": "#0"}
			}
		},
		{
			"name": "Back",
			"from": [7.00968, 4.61, -8.89],
			"to": [8.98968, 6.79, -6.11],
			"faces": {
				"north": {"uv": [0, 0, 6.8, 4.6], "rotation": 90, "texture": "#0"},
				"east": {"uv": [0, 0, 9.3, 7.1], "texture": "#0"},
				"south": {"uv": [0, 0, 8.55, 3.6], "rotation": 90, "texture": "#0"},
				"west": {"uv": [0, 0, 9.3, 7.1], "texture": "#0"},
				"up": {"uv": [0, 5.5, 9.8, 10.349], "rotation": 90, "texture": "#0"},
				"down": {"uv": [0, 0, 2, 2.8], "texture": "#0"}
			}
		},
		{
			"name": "Back",
			"from": [7.02068, 5.32, -6.48],
			"to": [8.98068, 6.68, -5.12],
			"rotation": {"angle": 22.5, "axis": "x", "origin": [8.00068, 5.80797, -6.13173]},
			"faces": {
				"north": {"uv": [0, 0, 6.8, 4.6], "rotation": 90, "texture": "#0"},
				"east": {"uv": [0, 0, 4.55, 4.1], "texture": "#0"},
				"south": {"uv": [0, 0, 2, 1.4], "texture": "#0"},
				"west": {"uv": [0, 0, 4.55, 4.1], "texture": "#0"},
				"up": {"uv": [0, 5.25, 5.55, 10.099], "rotation": 90, "texture": "#0"},
				"down": {"uv": [0, 0, 2, 1.4], "texture": "#0"}
			}
		},
		{
			"name": "Frame",
			"from": [7.001, 6.3, -1.2],
			"to": [9.001, 7.9, 7.6],
			"faces": {
				"north": {"uv": [0, 0, 8.55, 3.6], "rotation": 90, "texture": "#0"},
				"east": {"uv": [0, 7.75, 15.8, 13.599], "texture": "#0"},
				"south": {"uv": [0, 9.5, 7.05, 13.599], "texture": "#0"},
				"west": {"uv": [15.8, 7.75, 0, 13.599], "texture": "#0"},
				"up": {"uv": [0, 5.5, 15.8, 10.349], "rotation": 90, "texture": "#0"},
				"down": {"uv": [0, 11.75, 15.8, 15.849], "rotation": 90, "texture": "#0"}
			}
		},
		{
			"name": "Barrel",
			"from": [7.2, 6.9, 6.5],
			"to": [8.8, 7.5, 17.3],
			"faces": {
				"north": {"uv": [0, 0, 0.6, 0.6], "texture": "#0"},
				"east": {"uv": [15.8, 9.5, 0, 13.099], "texture": "#0"},
				"south": {"uv": [0, 9, 10.3, 12.1], "texture": "#0"},
				"west": {"uv": [0, 4.5, 15.8, 7.1], "texture": "#0"},
				"up": {"uv": [0, 0, 0.6, 12], "texture": "#0"},
				"down": {"uv": [0, 11.75, 12.3, 15.849], "rotation": 90, "texture": "#0"}
			}
		},
		{
			"name": "Barrel",
			"from": [7.2, 7.5, 10.9],
			"to": [8.8, 8.3, 17.3],
			"faces": {
				"north": {"uv": [0, 0, 0.8, 0.8], "texture": "#0"},
				"east": {"uv": [16, 0, 0.25, 4.849], "texture": "#0"},
				"south": {"uv": [0, 9, 10.3, 12.1], "texture": "#0"},
				"west": {"uv": [16, 0, 0.25, 4.849], "texture": "#0"},
				"up": {"uv": [0, 5.5, 15.8, 10.349], "rotation": 90, "texture": "#0"},
				"down": {"uv": [0, 0, 0.8, 13.1], "texture": "#0"}
			}
		},
		{
			"name": "Trigger",
			"from": [7.4, 4.4, -0.4],
			"to": [8.6, 4.6, 1.5],
			"faces": {
				"north": {"uv": [0, 0, 7.15, 1.05], "texture": "#4"},
				"east": {"uv": [0, 0, 7.15, 1.05], "texture": "#4"},
				"south": {"uv": [0, 0, 7.15, 1.05], "texture": "#4"},
				"west": {"uv": [0, 0, 7.15, 1.05], "texture": "#4"},
				"up": {"uv": [0, 0, 6.9, 3.05], "rotation": 90, "texture": "#4"},
				"down": {"uv": [0, 0, 6.9, 3.05], "rotation": 90, "texture": "#4"}
			}
		},
		{
			"name": "Trigger",
			"from": [7.59894, 5.31038, 0.19196],
			"to": [8.39894, 6.51038, 0.39196],
			"faces": {
				"north": {"uv": [0, 8.25, 1.5, 10], "rotation": 90, "texture": "#3"},
				"east": {"uv": [0, 8.25, 1.25, 9.5], "rotation": 90, "texture": "#3"},
				"south": {"uv": [0, 8.25, 1.5, 10], "rotation": 90, "texture": "#3"},
				"west": {"uv": [0, 8.25, 1.25, 9.5], "rotation": 90, "texture": "#3"},
				"up": {"uv": [0, 0, 2, 3.5], "texture": "#missing"},
				"down": {"uv": [0, 8.25, 1.25, 9.5], "texture": "#3"}
			}
		},
		{
			"name": "Trigger",
			"from": [7.61009, 5.25, 0.32],
			"to": [8.39009, 5.63, 0.5],
			"rotation": {"angle": -45, "axis": "x", "origin": [8.00009, 5.30768, 0.66157]},
			"faces": {
				"north": {"uv": [0, 8.25, 1.5, 10], "rotation": 270, "texture": "#3"},
				"east": {"uv": [0, 8.25, 1.25, 9.5], "rotation": 270, "texture": "#3"},
				"south": {"uv": [0, 8.25, 1.5, 10], "rotation": 90, "texture": "#3"},
				"west": {"uv": [0, 8.25, 1.25, 9.5], "rotation": 90, "texture": "#3"},
				"up": {"uv": [0, 8.25, 1.25, 9.5], "rotation": 180, "texture": "#3"},
				"down": {"uv": [0, 8.25, 1.25, 9.5], "texture": "#3"}
			}
		},
		{
			"name": "Barrel",
			"from": [7.58, 7.88, 13.98],
			"to": [8.42, 8.72, 23.62],
			"faces": {
				"north": {"uv": [0, 0, 0.8, 0.8], "texture": "#missing"},
				"east": {"uv": [0, 0, 4.4, 2.55], "texture": "#4"},
				"south": {"uv": [5.5, 2.75, 8.25, 5.5], "texture": "#6"},
				"west": {"uv": [0, 0, 4.4, 2.55], "texture": "#4"},
				"up": {"uv": [0, 0, 4.4, 2.55], "rotation": 90, "texture": "#4"},
				"down": {"uv": [0, 0, 4.4, 2.55], "rotation": 90, "texture": "#4"}
			}
		},
		{
			"name": "Trigger",
			"from": [7.41, 6.1, 1.9],
			"to": [8.61, 6.6, 6.4],
			"faces": {
				"north": {"uv": [9, 0, 7, 7.3], "texture": "#1"},
				"east": {"uv": [7.5, 0.5, 14, 7.8], "texture": "#1"},
				"south": {"uv": [9, 0, 7, 7.3], "texture": "#1"},
				"west": {"uv": [14, 0.5, 7.5, 7.8], "texture": "#1"},
				"down": {"uv": [12.5, 6, 10.5, 9.8], "texture": "#1"}
			}
		},
		{
			"name": "Trigger",
			"from": [7.4, 4.7, 1.55],
			"to": [8.6, 7.2, 1.75],
			"faces": {
				"north": {"uv": [0, 0, 6.9, 3.05], "rotation": 90, "texture": "#4"},
				"east": {"uv": [0, 0, 7.15, 1.05], "rotation": 90, "texture": "#4"},
				"south": {"uv": [0, 0, 6.9, 3.05], "rotation": 90, "texture": "#4"},
				"west": {"uv": [0, 0, 6.9, 0.8], "rotation": 90, "texture": "#4"},
				"up": {"uv": [0, 0, 2, 3.5], "texture": "#missing"},
				"down": {"uv": [0, 0, 7.15, 1.05], "texture": "#4"}
			}
		},
		{
			"name": "Barrel",
			"from": [7.7, 7.2, 17.7],
			"to": [8.3, 8.5, 20.1],
			"faces": {
				"north": {"uv": [0, 0, 1, 1.7], "texture": "#missing"},
				"east": {"uv": [0, 0, 4.4, 2.55], "texture": "#4"},
				"south": {"uv": [0, 0, 1.9, 2.55], "texture": "#4"},
				"west": {"uv": [0, 0, 4.4, 2.55], "texture": "#4"},
				"up": {"uv": [0, 0, 4.4, 2.55], "rotation": 90, "texture": "#4"},
				"down": {"uv": [0, 0, 4.4, 2.55], "rotation": 90, "texture": "#4"}
			}
		},
		{
			"name": "Barrel",
			"from": [7.7, 8.4, 21.3],
			"to": [8.3, 9, 23.1],
			"faces": {
				"north": {"uv": [0, 0, 0.9, 1.3], "texture": "#4"},
				"east": {"uv": [0, 0, 0.9, 1.3], "texture": "#4"},
				"south": {"uv": [0, 0, 0.9, 1.3], "texture": "#4"},
				"west": {"uv": [0, 0, 0.9, 1.3], "texture": "#4"},
				"up": {"uv": [0, 0, 0.9, 1.3], "texture": "#4"},
				"down": {"uv": [0, 0, 0.6, 0.8], "texture": "#missing"}
			}
		},
		{
			"name": "Cube",
			"from": [7.7, 9, 22.3],
			"to": [8.3, 9.6, 22.4],
			"faces": {
				"north": {"uv": [0, 0, 0.9, 1.3], "texture": "#4"},
				"east": {"uv": [0, 0, 0.9, 1.3], "texture": "#4"},
				"south": {"uv": [0, 0, 0.9, 1.3], "texture": "#4"},
				"west": {"uv": [0, 0, 0.9, 1.3], "texture": "#4"},
				"up": {"uv": [0, 0, 0.6, 0.1], "texture": "#missing"},
				"down": {"uv": [0, 0, 0.6, 0.1], "texture": "#missing"}
			}
		},
		{
			"name": "Barrel",
			"from": [7.7, 9, 23],
			"to": [8.3, 9.6, 23.1],
			"faces": {
				"north": {"uv": [0, 0, 0.9, 1.3], "texture": "#4"},
				"east": {"uv": [0, 0, 0.9, 1.3], "texture": "#4"},
				"south": {"uv": [0, 0, 0.9, 1.3], "texture": "#4"},
				"west": {"uv": [0, 0, 0.9, 1.3], "texture": "#4"},
				"up": {"uv": [0, 0, 0.6, 0.1], "texture": "#missing"},
				"down": {"uv": [0, 0, 0.6, 0.1], "texture": "#missing"}
			}
		},
		{
			"name": "Barrel",
			"from": [7.7, 9.6, 22.3],
			"to": [8.3, 9.7, 23.1],
			"faces": {
				"north": {"uv": [0, 0, 0.9, 1.3], "rotation": 90, "texture": "#4"},
				"east": {"uv": [0, 0, 0.9, 1.3], "rotation": 90, "texture": "#4"},
				"south": {"uv": [0, 0, 0.9, 1.3], "rotation": 90, "texture": "#4"},
				"west": {"uv": [0, 0, 0.9, 1.3], "rotation": 90, "texture": "#4"},
				"up": {"uv": [0, 0, 0.9, 1.3], "texture": "#4"},
				"down": {"uv": [0, 0, 0.9, 1.3], "texture": "#4"}
			}
		},
		{
			"name": "Barrel",
			"from": [7.4, 8.2, 12.5],
			"to": [8.6, 8.8, 14.6],
			"faces": {
				"north": {"uv": [0, 0, 0.8, 0.8], "texture": "#0"},
				"east": {"uv": [0, 2, 8.3, 5.849], "texture": "#0"},
				"south": {"uv": [0, 9, 10.3, 12.1], "texture": "#0"},
				"west": {"uv": [8.3, 2, 0, 5.849], "texture": "#0"},
				"up": {"uv": [0, 5.25, 6.05, 10.099], "rotation": 90, "texture": "#0"},
				"down": {"uv": [0, 0, 0.8, 13.1], "texture": "#0"}
			}
		},
		{
			"name": "Frame",
			"from": [7.15, 6.85, 14.45],
			"to": [8.85, 8.95, 14.75],
			"faces": {
				"north": {"uv": [0, 0, 6.9, 3.05], "texture": "#4"},
				"east": {"uv": [0, 0, 0.65, 3.05], "texture": "#4"},
				"south": {"uv": [0, 0, 6.9, 3.05], "texture": "#4"},
				"west": {"uv": [0, 0, 0.65, 3.05], "texture": "#4"},
				"up": {"uv": [0, 0, 0.65, 3.05], "rotation": 90, "texture": "#4"},
				"down": {"uv": [0, 0, 0.65, 3.05], "rotation": 90, "texture": "#4"}
			}
		},
		{
			"name": "Barrel",
			"from": [5.3435, 8.1, 0.5],
			"to": [8.3435, 8.6, 1],
			"faces": {
				"north": {"uv": [0, 0, 4, 2], "texture": "#3"},
				"east": {"uv": [0, 7, 5, 8], "texture": "#1"},
				"south": {"uv": [0, 0, 4, 2], "texture": "#3"},
				"west": {"uv": [0, 7, 5, 8], "texture": "#1"},
				"up": {"uv": [0, 0, 4, 2], "texture": "#3"},
				"down": {"uv": [0, 0, 4, 2], "texture": "#3"}
			}
		},
		{
			"name": "Barrel",
			"from": [7.56, 7.9, -0.3],
			"to": [8.44, 8.78, 6.28],
			"faces": {
				"north": {"uv": [0, 8.25, 1, 10.25], "rotation": 90, "texture": "#3"},
				"east": {"uv": [0, 8.25, 2.5, 10.25], "texture": "#3"},
				"south": {"uv": [0, 8.25, 1, 10.25], "rotation": 90, "texture": "#3"},
				"west": {"uv": [0, 8.25, 2.5, 10.25], "texture": "#3"},
				"up": {"uv": [0, 8.25, 2.5, 10.25], "rotation": 90, "texture": "#3"},
				"down": {"uv": [0, 8.25, 16, 10.25], "rotation": 90, "texture": "#3"}
			}
		},
		{
			"name": "Barrel",
			"from": [5.32927, 7.959, 0.45],
			"to": [6.07927, 8.709, 1.2],
			"faces": {
				"north": {"uv": [0, 8.25, 1, 10.25], "texture": "#3"},
				"east": {"uv": [0, 8.25, 1, 10.25], "texture": "#3"},
				"south": {"uv": [0, 8.25, 1, 10.25], "rotation": 180, "texture": "#3"},
				"west": {"uv": [0, 8.25, 1, 10.25], "texture": "#3"},
				"up": {"uv": [0, 8.25, 1, 10.25], "rotation": 180, "texture": "#3"},
				"down": {"uv": [0, 8.25, 1, 10.25], "texture": "#3"}
			}
		},
		{
			"name": "Back",
			"from": [6.998, 7.7, -15],
			"to": [8.998, 9.2, -3.6],
			"rotation": {"angle": -22.5, "axis": "x", "origin": [8, 8, 2]},
			"faces": {
				"north": {"uv": [0, 0, 6.8, 4.6], "rotation": 90, "texture": "#0"},
				"east": {"uv": [0, 8.75, 15.8, 13.599], "texture": "#0"},
				"south": {"uv": [0, 0, 2, 1.3], "texture": "#0"},
				"west": {"uv": [15.8, 8.75, 0, 13.599], "texture": "#0"},
				"up": {"uv": [0, 5.5, 15.8, 10.349], "rotation": 90, "texture": "#0"},
				"down": {"uv": [0, 11.75, 15.8, 15.849], "rotation": 90, "texture": "#0"}
			}
		},
		{
			"name": "Frame",
			"from": [7, 7.7, -3.6],
			"to": [9, 9.1, -1],
			"rotation": {"angle": -22.5, "axis": "x", "origin": [8, 8, 2]},
			"faces": {
				"north": {"uv": [0, 0, 2, 1.3], "texture": "#0"},
				"east": {"uv": [0, 9.5, 5.55, 13.599], "texture": "#0"},
				"south": {"uv": [0, 0, 2, 1.3], "texture": "#0"},
				"west": {"uv": [5.55, 9.5, 0, 13.599], "texture": "#0"},
				"up": {"uv": [0, 5.5, 4.3, 10.349], "rotation": 90, "texture": "#0"},
				"down": {"uv": [0, 11.75, 5.55, 15.849], "rotation": 90, "texture": "#0"}
			}
		},
		{
			"name": "Hammer",
			"from": [7.21, 7.21, 6.21],
			"to": [8.79, 8.89, 7.61],
			"faces": {
				"north": {"uv": [0, 0, 6.9, 3.05], "texture": "#4"},
				"east": {"uv": [0, 0, 6.9, 2.3], "rotation": 90, "texture": "#4"},
				"south": {"uv": [0, 0, 6.9, 3.05], "texture": "#4"},
				"west": {"uv": [0, 0, 6.9, 2.3], "rotation": 90, "texture": "#4"},
				"up": {"uv": [0, 0, 6.9, 2.3], "texture": "#4"},
				"down": {"uv": [0, 0, 2.2, 1.9], "texture": "#missing"}
			}
		},
		{
			"name": "Hammer",
			"from": [7.55, 7.1, 2.6],
			"to": [8.45, 8, 7.4],
			"faces": {
				"north": {"uv": [0, 0, 1.25, 1.25], "texture": "#4"},
				"east": {"uv": [0, 0, 5.65, 1.05], "rotation": 90, "texture": "#4"},
				"south": {"uv": [0, 0, 1.25, 1.25], "texture": "#4"},
				"west": {"uv": [0, 0, 6.4, 1.8], "texture": "#4"},
				"up": {"uv": [0, 0, 5.65, 1.05], "rotation": 90, "texture": "#4"},
				"down": {"uv": [0, 0, 6.4, 1.8], "texture": "#4"}
			}
		},
		{
			"name": "Back",
			"from": [7.02968, 2.53, -14.77],
			"to": [8.96968, 5.57, -10.93],
			"faces": {
				"north": {"uv": [0, 0, 6.8, 4.6], "rotation": 90, "texture": "#0"},
				"east": {"uv": [0, 2.5, 10.8, 11.6], "texture": "#0"},
				"south": {"uv": [0, 0, 2, 3.1], "texture": "#0"},
				"west": {"uv": [0, 2.5, 10.8, 11.6], "texture": "#0"},
				"up": {"uv": [0, 0, 15.8, 4.6], "rotation": 90, "texture": "#0"},
				"down": {"uv": [0, 0, 2, 3.9], "texture": "#0"}
			}
		},
		{
			"name": "Hammer",
			"from": [7.21, 7.21, 1.7],
			"to": [8.79, 8.89, 3.1],
			"faces": {
				"north": {"uv": [0, 0, 6.9, 3.05], "texture": "#4"},
				"east": {"uv": [0, 0, 6.9, 2.3], "rotation": 90, "texture": "#4"},
				"south": {"uv": [0, 0, 6.9, 3.05], "texture": "#4"},
				"west": {"uv": [0, 0, 6.9, 2.3], "rotation": 90, "texture": "#4"},
				"up": {"uv": [0, 0, 6.9, 2.3], "texture": "#4"},
				"down": {"uv": [0, 0, 2.2, 1.9], "texture": "#missing"}
			}
		},
		{
			"name": "Barrel",
			"from": [7.46, 7.8, -0.4],
			"to": [8.54, 8.88, 0.38],
			"faces": {
				"north": {"uv": [0, 8.25, 1, 10.25], "rotation": 90, "texture": "#3"},
				"east": {"uv": [0, 8.25, 2.5, 10.25], "texture": "#3"},
				"south": {"uv": [0, 8.25, 1, 10.25], "rotation": 90, "texture": "#3"},
				"west": {"uv": [0, 8.25, 2.5, 10.25], "texture": "#3"},
				"up": {"uv": [0, 8.25, 2.5, 10.25], "rotation": 90, "texture": "#3"},
				"down": {"uv": [0, 8.25, 16, 10.25], "rotation": 90, "texture": "#3"}
			}
		},
		{
			"name": "Barrel",
			"from": [7.66, 8, -0.9],
			"to": [8.34, 8.68, 0.48],
			"faces": {
				"north": {"uv": [0, 8.25, 1, 10.25], "rotation": 90, "texture": "#3"},
				"east": {"uv": [0, 8.25, 2.5, 10.25], "texture": "#3"},
				"south": {"uv": [0, 8.25, 1, 10.25], "rotation": 90, "texture": "#3"},
				"west": {"uv": [0, 8.25, 2.5, 10.25], "texture": "#3"},
				"up": {"uv": [0, 8.25, 2.5, 10.25], "rotation": 90, "texture": "#3"},
				"down": {"uv": [0, 8.25, 16, 10.25], "rotation": 90, "texture": "#3"}
			}
		},
		{
			"name": "Frame",
			"from": [7.101, 6.4, 6.2],
			"to": [8.901, 7.8, 12.4],
			"faces": {
				"north": {"uv": [0, 0, 2, 1.8], "texture": "#0"},
				"east": {"uv": [0, 7.75, 15.8, 13.599], "texture": "#0"},
				"south": {"uv": [0, 9.5, 7.05, 13.599], "texture": "#0"},
				"west": {"uv": [15.8, 7.75, 0, 13.599], "texture": "#0"},
				"up": {"uv": [0, 5.5, 15.8, 10.349], "rotation": 90, "texture": "#0"},
				"down": {"uv": [0, 11.75, 12.55, 15.849], "rotation": 90, "texture": "#0"}
			}
		},
		{
			"name": "Hammer",
			"from": [8.4, 7.8, 2.6],
			"to": [8.7, 8.7, 6.4],
			"faces": {
				"north": {"uv": [0, 0, 1.25, 1.25], "texture": "#4"},
				"east": {"uv": [0.25, 13.75, 8.9, 15.8], "texture": "#4"},
				"south": {"uv": [0, 0, 1.25, 1.25], "texture": "#4"},
				"west": {"uv": [0.25, 13.75, 8.9, 15.8], "texture": "#4"},
				"up": {"uv": [0.25, 15.25, 8.9, 15.8], "rotation": 90, "texture": "#4"},
				"down": {"uv": [0, 0, 6.4, 1.8], "texture": "#4"}
			}
		},
		{
			"name": "Hammer",
			"from": [8.3, 8.5, 3.1],
			"to": [8.6, 8.8, 6.2],
			"rotation": {"angle": -45, "axis": "z", "origin": [8.55148, 8.65, 4.50018]},
			"faces": {
				"north": {"uv": [0, 0, 1.25, 1.25], "rotation": 90, "texture": "#4"},
				"east": {"uv": [0, 0, 6.4, 1.8], "rotation": 90, "texture": "#4"},
				"south": {"uv": [0, 0, 1.25, 1.25], "rotation": 270, "texture": "#4"},
				"west": {"uv": [0.25, 14.25, 8.9, 15.799], "texture": "#4"},
				"up": {"uv": [0.25, 14.25, 8.9, 15.799], "rotation": 90, "texture": "#4"},
				"down": {"uv": [0.25, 13.75, 8.9, 15.8], "rotation": 90, "texture": "#4"}
			}
		},
		{
			"name": "Barrel",
			"from": [7.46, 7.8, 1.1],
			"to": [8.54, 8.88, 1.88],
			"faces": {
				"north": {"uv": [0, 8.25, 1, 10.25], "rotation": 90, "texture": "#3"},
				"east": {"uv": [0, 8.25, 2.5, 10.25], "texture": "#3"},
				"south": {"uv": [0, 8.25, 1, 10.25], "rotation": 90, "texture": "#3"},
				"west": {"uv": [0, 8.25, 2.5, 10.25], "texture": "#3"},
				"up": {"uv": [0, 8.25, 2.5, 10.25], "rotation": 90, "texture": "#3"},
				"down": {"uv": [0, 8.25, 16, 10.25], "rotation": 90, "texture": "#3"}
			}
		},
		{
			"name": "Trigger",
			"from": [7.40401, 4.65, 1.5],
			"to": [8.60401, 4.85, 1.9],
			"rotation": {"angle": -45, "axis": "x", "origin": [8.00401, 4.50211, 1.79388]},
			"faces": {
				"north": {"uv": [0, 0, 7.15, 1.05], "texture": "#4"},
				"east": {"uv": [0, 0, 7.15, 1.05], "texture": "#4"},
				"south": {"uv": [0, 0, 7.15, 1.05], "texture": "#4"},
				"west": {"uv": [0, 0, 7.15, 1.05], "texture": "#4"},
				"up": {"uv": [0, 0, 6.9, 3.05], "rotation": 90, "texture": "#4"},
				"down": {"uv": [0, 0, 6.9, 3.05], "rotation": 90, "texture": "#4"}
			}
		},
		{
			"name": "Trigger",
			"from": [7.40401, 4.55, -0.41],
			"to": [8.60401, 4.95, -0.21],
			"rotation": {"angle": -45, "axis": "x", "origin": [8.00401, 4.50211, -0.20612]},
			"faces": {
				"north": {"uv": [0, 0, 6.9, 3.05], "rotation": 270, "texture": "#4"},
				"east": {"uv": [0, 0, 7.15, 1.05], "rotation": 90, "texture": "#4"},
				"south": {"uv": [0, 0, 6.9, 3.05], "rotation": 90, "texture": "#4"},
				"west": {"uv": [0, 0, 7.15, 1.05], "rotation": 270, "texture": "#4"},
				"up": {"uv": [0, 0, 7.15, 1.05], "texture": "#4"},
				"down": {"uv": [0, 0, 7.15, 1.05], "rotation": 180, "texture": "#4"}
			}
		},
		{
			"name": "Trigger",
			"from": [7.4, 4.7, -0.65],
			"to": [8.6, 7.2, -0.45],
			"faces": {
				"north": {"uv": [0, 0, 6.9, 3.05], "rotation": 90, "texture": "#4"},
				"east": {"uv": [0, 0, 7.15, 1.05], "rotation": 90, "texture": "#4"},
				"south": {"uv": [0, 0, 6.9, 3.05], "rotation": 90, "texture": "#4"},
				"west": {"uv": [0, 0, 6.9, 0.8], "rotation": 90, "texture": "#4"},
				"up": {"uv": [0, 0, 2, 3.5], "texture": "#missing"},
				"down": {"uv": [0, 0, 7.15, 1.05], "texture": "#4"}
			}
		},
		{
			"name": "Trigger",
			"from": [7.40401, 5.9, 0.59],
			"to": [8.60401, 6.3, 0.79],
			"rotation": {"angle": -45, "axis": "x", "origin": [8.00401, 4.50211, -0.20612]},
			"faces": {
				"north": {"uv": [0, 0, 6.9, 3.05], "rotation": 270, "texture": "#4"},
				"east": {"uv": [0, 0, 7.15, 1.05], "rotation": 90, "texture": "#4"},
				"south": {"uv": [0, 0, 6.9, 3.05], "rotation": 90, "texture": "#4"},
				"west": {"uv": [0, 0, 7.15, 1.05], "rotation": 270, "texture": "#4"},
				"up": {"uv": [0, 0, 7.15, 1.05], "texture": "#4"},
				"down": {"uv": [0, 0, 7.15, 1.05], "rotation": 180, "texture": "#4"}
			}
		},
		{
			"name": "Trigger",
			"from": [7.40401, 5.65, 2.9],
			"to": [8.60401, 5.85, 3.3],
			"rotation": {"angle": -45, "axis": "x", "origin": [8.00401, 4.50211, 1.79388]},
			"faces": {
				"north": {"uv": [0, 0, 7.15, 1.05], "texture": "#4"},
				"east": {"uv": [0, 0, 7.15, 1.05], "texture": "#4"},
				"south": {"uv": [0, 0, 7.15, 1.05], "texture": "#4"},
				"west": {"uv": [0, 0, 7.15, 1.05], "texture": "#4"},
				"up": {"uv": [0, 0, 6.9, 3.05], "rotation": 90, "texture": "#4"},
				"down": {"uv": [0, 0, 6.9, 3.05], "rotation": 90, "texture": "#4"}
			}
		},
		{
			"name": "Frame",
			"from": [7.301, 6.6, 8.4],
			"to": [8.701, 7.6, 13.2],
			"faces": {
				"north": {"uv": [0, 0, 2, 1.8], "texture": "#0"},
				"east": {"uv": [0, 9.5, 15.8, 13.599], "texture": "#0"},
				"south": {"uv": [0, 9.5, 7.05, 13.599], "texture": "#0"},
				"west": {"uv": [0, 9.5, 15.8, 13.599], "texture": "#0"},
				"up": {"uv": [0, 0, 15.8, 3.6], "rotation": 90, "texture": "#0"},
				"down": {"uv": [0, 11.75, 10.55, 15.849], "rotation": 90, "texture": "#0"}
			}
		},
		{
			"name": "Hammer",
			"from": [7.41, 7.41, 6.41],
			"to": [8.59, 8.69, 14.41],
			"faces": {
				"north": {"uv": [0, 0, 6.9, 3.05], "texture": "#4"},
				"east": {"uv": [0, 0, 6.9, 2.3], "texture": "#4"},
				"south": {"uv": [0, 0, 6.9, 3.05], "texture": "#4"},
				"west": {"uv": [0, 0, 6.9, 2.3], "texture": "#4"},
				"up": {"uv": [0, 0, 6.9, 2.3], "rotation": 90, "texture": "#4"},
				"down": {"uv": [0, 0, 2.2, 1.9], "texture": "#missing"}
			}
		},
		{
			"name": "Hammer",
			"from": [7.31, 7.31, 11.31],
			"to": [8.69, 8.79, 12.51],
			"faces": {
				"north": {"uv": [0, 0, 6.9, 3.05], "texture": "#4"},
				"east": {"uv": [0, 0, 6.9, 2.3], "rotation": 90, "texture": "#4"},
				"south": {"uv": [0, 0, 6.9, 3.05], "texture": "#4"},
				"west": {"uv": [0, 0, 6.9, 2.3], "rotation": 90, "texture": "#4"},
				"up": {"uv": [0, 0, 6.9, 2.3], "texture": "#4"},
				"down": {"uv": [0, 0, 2.2, 1.9], "texture": "#missing"}
			}
		},
		{
			"name": "Hammer",
			"from": [7.55, 8.7, 9.41086],
			"to": [8.45, 8.9, 12.41086],
			"rotation": {"angle": 22.5, "axis": "x", "origin": [8.14, 9.49096, 10.91086]},
			"faces": {
				"north": {"uv": [0, 0, 6.9, 3.05], "texture": "#4"},
				"east": {"uv": [0, 0, 6.9, 2.3], "texture": "#4"},
				"south": {"uv": [0, 0, 6.9, 3.05], "texture": "#4"},
				"west": {"uv": [0, 0, 6.9, 2.3], "texture": "#4"},
				"up": {"uv": [0, 0, 6.9, 2.3], "rotation": 90, "texture": "#4"},
				"down": {"uv": [0, 0, 6.9, 2.3], "rotation": 90, "texture": "#4"}
			}
		},
		{
			"name": "Hammer",
			"from": [7.65, 7.8, 9.51086],
			"to": [8.35, 8.8, 12.31086],
			"rotation": {"angle": 22.5, "axis": "x", "origin": [8.14, 9.49096, 10.91086]},
			"faces": {
				"north": {"uv": [0, 0, 6.9, 3.05], "texture": "#4"},
				"east": {"uv": [0, 0, 6.9, 2.3], "texture": "#4"},
				"south": {"uv": [0, 0, 6.9, 3.05], "texture": "#4"},
				"west": {"uv": [0, 0, 6.9, 2.3], "texture": "#4"},
				"up": {"uv": [0, 0, 6.9, 2.3], "rotation": 90, "texture": "#4"},
				"down": {"uv": [0, 0, 6.9, 2.3], "rotation": 90, "texture": "#4"}
			}
		},
		{
			"name": "Frame",
			"from": [7.35, 7.1, 14.4],
			"to": [8.65, 8.2, 19.2],
			"faces": {
				"north": {"uv": [0, 0, 2, 1.8], "texture": "#0"},
				"east": {"uv": [0, 3.5, 15.8, 7.6], "texture": "#0"},
				"south": {"uv": [0, 3.5, 15.8, 7.6], "texture": "#0"},
				"west": {"uv": [0, 3.5, 15.8, 7.6], "texture": "#0"},
				"up": {"uv": [0, 0, 15.8, 3.6], "rotation": 90, "texture": "#0"},
				"down": {"uv": [0, 5, 15.8, 9.1], "rotation": 90, "texture": "#0"}
			}
		},
		{
			"name": "Barrel",
			"from": [7.3, 6.8, 17.3],
			"to": [8.7, 8.9, 18.5],
			"faces": {
				"north": {"uv": [0, 0, 1.9, 2.55], "texture": "#4"},
				"east": {"uv": [0, 0, 4.4, 2.55], "texture": "#4"},
				"south": {"uv": [0, 0, 1.9, 2.55], "texture": "#4"},
				"west": {"uv": [0, 0, 4.4, 2.55], "texture": "#4"},
				"up": {"uv": [0, 0, 4.4, 2.55], "rotation": 90, "texture": "#4"},
				"down": {"uv": [0, 0, 4.4, 2.55], "rotation": 90, "texture": "#4"}
			}
		},
		{
			"name": "Back",
			"from": [7.10607, 4.02135, -4.99],
			"to": [8.88607, 7.00135, -3.71],
			"rotation": {"angle": 45, "axis": "x", "origin": [8.09607, 5.11135, -4.50505]},
			"faces": {
				"north": {"uv": [0, 0, 6.8, 4.6], "rotation": 90, "texture": "#0"},
				"east": {"uv": [0, 7.75, 5.55, 13.599], "rotation": 90, "texture": "#0"},
				"south": {"uv": [0, 11.75, 6.05, 15.849], "rotation": 90, "texture": "#0"},
				"west": {"uv": [5.55, 7.75, 0, 13.599], "rotation": 270, "texture": "#0"},
				"up": {"uv": [0, 0, 15.8, 4.6], "rotation": 90, "texture": "#0"},
				"down": {"uv": [0, 0, 2, 2.8], "texture": "#0"}
			}
		},
		{
			"name": "Back",
			"from": [7.12393, 4.22, -5.18],
			"to": [8.88393, 5.58, -4.02],
			"rotation": {"angle": 22.5, "axis": "x", "origin": [8.10393, 5.85777, -5.75168]},
			"faces": {
				"north": {"uv": [0, 7.75, 5.55, 13.599], "texture": "#0"},
				"east": {"uv": [0, 7.75, 5.55, 13.599], "texture": "#0"},
				"south": {"uv": [0, 7.75, 5.55, 13.599], "texture": "#0"},
				"west": {"uv": [0, 7.75, 5.55, 13.599], "texture": "#0"},
				"up": {"uv": [0, 0, 6.8, 4.6], "rotation": 90, "texture": "#0"},
				"down": {"uv": [0, 11.75, 3.8, 15.849], "rotation": 90, "texture": "#0"}
			}
		},
		{
			"name": "Back",
			"from": [6.91, 3.63523, -12.89686],
			"to": [9.09, 4.61523, -11.91686],
			"rotation": {"angle": -45, "axis": "x", "origin": [7.95, 4.12523, -12.40686]},
			"faces": {
				"north": {"uv": [0, 0, 2.05, 0.599], "rotation": 270, "texture": "#6"},
				"east": {"uv": [0.5, 0.5, 2.3, 2.349], "rotation": 270, "texture": "#6"},
				"south": {"uv": [0, 0, 2.05, 0.599], "rotation": 270, "texture": "#6"},
				"west": {"uv": [0.5, 0.5, 2.3, 2.349], "rotation": 90, "texture": "#6"},
				"up": {"uv": [0, 0, 2.05, 0.599], "rotation": 270, "texture": "#6"},
				"down": {"uv": [0, 0, 2.05, 0.599], "rotation": 270, "texture": "#6"}
			}
		},
		{
			"name": "Barrel",
			"from": [7.18, 7.48, 6.43],
			"to": [8.82, 8.32, 11.97],
			"faces": {
				"north": {"uv": [0, 9.5, 7.05, 13.599], "texture": "#0"},
				"east": {"uv": [0.25, 0, 16, 4.849], "texture": "#0"},
				"south": {"uv": [0, 9, 10.3, 12.1], "texture": "#0"},
				"west": {"uv": [0, 2, 15.8, 5.599], "texture": "#0"},
				"up": {"uv": [0, 5.5, 15.8, 10.349], "rotation": 90, "texture": "#0"},
				"down": {"uv": [0, 0, 0.8, 13.1], "texture": "#0"}
			}
		},
		{
			"name": "Back",
			"from": [6.96, -7.59, 3.01],
			"to": [9.04, -6.91, 3.69],
			"rotation": {"angle": -45, "axis": "x", "origin": [8, 4.12523, -12.40686]},
			"faces": {
				"north": {"uv": [0, 0, 2.05, 0.599], "rotation": 270, "texture": "#6"},
				"east": {"uv": [0.5, 0.5, 2.3, 2.349], "rotation": 270, "texture": "#6"},
				"south": {"uv": [0, 0, 2.05, 0.599], "rotation": 270, "texture": "#6"},
				"west": {"uv": [0.5, 0.5, 2.3, 2.349], "rotation": 90, "texture": "#6"},
				"up": {"uv": [0, 0, 2.05, 0.599], "rotation": 270, "texture": "#6"},
				"down": {"uv": [0, 0, 2.05, 0.599], "rotation": 270, "texture": "#6"}
			}
		},
		{
			"name": "Barrel",
			"from": [7.75, 6.5, 23.4],
			"to": [8.25, 7.8, 28],
			"faces": {
				"north": {"uv": [0, 0, 0.8, 0.8], "texture": "#missing"},
				"east": {"uv": [1.75, 13.25, 13.5, 15.25], "texture": "#1_6"},
				"south": {"uv": [1.75, 13.25, 4.5, 15.25], "texture": "#1_6"},
				"west": {"uv": [13.5, 13.25, 1.75, 15.25], "texture": "#1_6"},
				"up": {"uv": [1.75, 14.75, 13.5, 15.25], "rotation": 90, "texture": "#1_6"},
				"down": {"uv": [1.75, 14.75, 13.5, 15.25], "rotation": 90, "texture": "#1_6"}
			}
		},
		{
			"name": "Barrel",
			"from": [7.85, 6.6, 27.9],
			"to": [8.15, 7.7, 30.3],
			"faces": {
				"north": {"uv": [0, 0, 0.8, 0.8], "texture": "#missing"},
				"east": {"uv": [2.75, 13.5, 4.5, 15], "texture": "#1_6"},
				"south": {"uv": [1.75, 13.25, 4.5, 15.25], "texture": "#1_6"},
				"west": {"uv": [1.75, 13.5, 0, 15], "texture": "#1_6"},
				"up": {"uv": [1.75, 14.75, 13.5, 15.25], "rotation": 90, "texture": "#1_6"},
				"down": {"uv": [1.75, 14.75, 13.5, 15.25], "rotation": 90, "texture": "#1_6"}
			}
		},
		{
			"name": "Barrel",
			"from": [7.49, 5.4, 22.9],
			"to": [8.51, 8.92, 23.4],
			"faces": {
				"north": {"uv": [0.25, 9.25, 0.75, 12.5], "texture": "#1_6"},
				"east": {"uv": [0, 9.25, 0.75, 12.5], "texture": "#1_6"},
				"south": {"uv": [0.25, 9.25, 0.75, 12.5], "texture": "#1_6"},
				"west": {"uv": [0.75, 9.25, 0, 12.5], "texture": "#1_6"},
				"up": {"uv": [0, 9.25, 0.75, 10], "texture": "#1_6"},
				"down": {"uv": [0, 9.25, 0.75, 10], "texture": "#1_6"}
			}
		},
		{
			"name": "Barrel",
			"from": [7.75, 6.6, 20.6],
			"to": [8.25, 7.6, 23.2],
			"faces": {
				"north": {"uv": [4.25, 10.25, 4.75, 11.5], "texture": "#1_6"},
				"east": {"uv": [0.75, 10.25, 4.75, 11.5], "texture": "#1_6"},
				"south": {"uv": [1.75, 13.25, 4.5, 15.25], "texture": "#1_6"},
				"west": {"uv": [4.75, 10.25, 0.75, 11.5], "texture": "#1_6"},
				"up": {"uv": [0.75, 11, 4.75, 11.5], "texture": "#1_6"},
				"down": {"uv": [0.75, 11, 4.75, 11.5], "texture": "#1_6"}
			}
		},
		{
			"name": "Barrel",
			"from": [8, 6.75, 29.05],
			"to": [8, 7.55, 31.15],
			"faces": {
				"north": {"uv": [0, 0, 0.8, 0.8], "texture": "#missing"},
				"east": {"uv": [0, 13.5, 5, 15], "texture": "#1_6"},
				"south": {"uv": [5, 2.25, 5.75, 3], "texture": "#5"},
				"west": {"uv": [1.75, 13.5, 0, 15], "texture": "#1_6"},
				"up": {"uv": [1.75, 14.75, 13.5, 15.25], "rotation": 90, "texture": "#1_6"},
				"down": {"uv": [1.75, 14.75, 13.5, 15.25], "rotation": 90, "texture": "#1_6"}
			}
		}
	],
	"display": {
		"thirdperson_righthand": {
			"rotation": [-100, 0, 180],
			"translation": [-2, 6.1, 1],
			"scale": [0.8, 0.8, 0.7]
		},
		"firstperson_righthand": {
			"rotation": [35, -180, 1],
			"translation": [1.25, 5, 1],
			"scale": [0.8, 0.8, 0.68]
		},
		"ground": {
			"scale": [0.6, 0.6, 0.6]
		},
		"gui": {
			"rotation": [-90, 60, 100],
			"translation": [-0.45, 2, 0],
			"scale": [0.08, 0.83, 0.49]
		},
		"fixed": {
			"rotation": [0, 90, 0],
			"translation": [0, 0, -1.5]
		}
	},
	"groups": [0, 1, 2, 3, 4, 5, 6, 7, 8, 9, 10, 11, 12, 13, 14, 15, 16, 17, 18, 19, 20, 21, 22, 23, 24, 25, 26, 27, 28, 29, 30, 31, 32, 33, 34, 35, 36, 37, 38, 39, 40, 41, 42, 43, 44, 45, 46, 47, 48, 49, 50, 51,
		{
			"name": "bayonet_model",
			"children": [
				{
					"name": "bayonet2",
					"children": [
						{
							"name": "Bayonet",
							"children": [52, 53, 54, 55, 56]
						}
					]
				}
			]
		}
	]
}