{
	"credit": "Made with Blockbench",
	"textures": {
		"0": "block/3dmodel/lee1",
		"1": "block/3dmodel/metal_weapon2",
		"2": "block/3dmodel/metal_weapon",
		"3": "block/3dmodel/Decorative_weapon",
		"5": "block/3dmodel/stone_andesite_smooth",
		"6": "block/3dmodel/Decorative_weapon",
		"particle": "block/3dmodel/Decorative_weapon"
	},
	"elements": [
		{
			"name": "Back",
			"from": [7, 8, -15.75],
			"to": [9, 9.3, -5.35],
			"rotation": {"angle": -22.5, "axis": "x", "origin": [8, 8, -1]},
			"faces": {
				"north": {"uv": [0, 0, 1.98, 2.78], "texture": "#0"},
				"east": {"uv": [0, 0, 8.78, 5.18], "texture": "#0"},
				"south": {"uv": [0, 0, 5.78, 5.18], "rotation": 90, "texture": "#0"},
				"west": {"uv": [0, 0, 8.78, 5.18], "texture": "#0"},
				"up": {"uv": [0, 0, 8.78, 5.18], "rotation": 90, "texture": "#0"},
				"down": {"uv": [0, 0, 7.979, 3.48], "rotation": 90, "texture": "#0"}
			}
		},
		{
			"name": "Back",
			"from": [7.01, 3.24145, -15.2],
			"to": [8.99, 7.02145, -12.4],
			"faces": {
				"north": {"uv": [0, 4, 8.78, 11.18], "texture": "#0"},
				"east": {"uv": [0, 0, 12.78, 11.18], "texture": "#0"},
				"south": {"uv": [0, 0, 1.98, 3.78], "texture": "#0"},
				"west": {"uv": [0, 0, 12.78, 11.18], "texture": "#0"},
				"up": {"uv": [0, 0, 8.78, 5.18], "rotation": 90, "texture": "#0"},
				"down": {"uv": [0, 0, 1.98, 2.8], "texture": "#0"}
			}
		},
		{
			"name": "Back",
			"from": [7.02, 4.52, -13.78],
			"to": [8.98, 7.58, -9.92],
			"faces": {
				"north": {"uv": [0, 4, 8.78, 11.18], "texture": "#0"},
				"east": {"uv": [0, 0, 12.78, 11.18], "texture": "#0"},
				"south": {"uv": [0, 0, 1.96, 3.06], "texture": "#0"},
				"west": {"uv": [0, 0, 12.78, 11.18], "texture": "#0"},
				"up": {"uv": [0, 0, 8.78, 5.18], "rotation": 90, "texture": "#0"},
				"down": {"uv": [0, 0, 1.96, 3.86], "texture": "#0"}
			}
		},
		{
			"name": "Back",
			"from": [7.01, 5.61, -10.89],
			"to": [8.99, 7.79, -8.11],
			"faces": {
				"north": {"uv": [0, 4, 8.78, 11.18], "texture": "#0"},
				"east": {"uv": [0, 4, 11.78, 13.18], "texture": "#0"},
				"south": {"uv": [0, 0, 1.98, 2.18], "texture": "#0"},
				"west": {"uv": [0, 4, 11.78, 13.18], "texture": "#0"},
				"up": {"uv": [0, 0, 8.78, 5.18], "rotation": 90, "texture": "#0"},
				"down": {"uv": [0, 0, 1.98, 2.78], "texture": "#0"}
			}
		},
		{
			"name": "Back",
			"from": [7.02, 6.18, -9.3],
			"to": [8.98, 7.58, -7.6],
			"rotation": {"angle": -22.5, "axis": "x", "origin": [8, 6.70599, -8.2337]},
			"faces": {
				"north": {"uv": [0, 0, 1.96, 1.4], "rotation": 180, "texture": "#0"},
				"east": {"uv": [0, 4, 8.78, 11.18], "rotation": 270, "texture": "#0"},
				"south": {"uv": [0, 0, 8.78, 5.18], "rotation": 90, "texture": "#0"},
				"west": {"uv": [0, 4, 8.78, 11.18], "rotation": 90, "texture": "#0"},
				"up": {"uv": [0, 0, 6.28, 5.18], "rotation": 90, "texture": "#0"},
				"down": {"uv": [0, 0, 1.96, 1.7], "texture": "#0"}
			}
		},
		{
			"name": "Frame",
			"from": [7.01, 7.88, -6.59],
			"to": [8.99, 9.08, -3.11],
			"rotation": {"angle": -22.5, "axis": "x", "origin": [8, 8, -1]},
			"faces": {
				"north": {"uv": [0, 0, 1.98, 1.28], "texture": "#0"},
				"east": {"uv": [0, 0, 8.78, 5.18], "texture": "#0"},
				"south": {"uv": [0, 0, 1.98, 1.28], "texture": "#0"},
				"west": {"uv": [0, 0, 8.78, 5.18], "texture": "#0"},
				"up": {"uv": [0, 0, 8.78, 5.18], "rotation": 90, "texture": "#0"},
				"down": {"uv": [0, 0, 8.78, 5.18], "rotation": 90, "texture": "#0"}
			}
		},
		{
			"name": "Frame",
			"from": [7, 6.4, -3.7],
			"to": [9, 8.2, -0.1],
			"faces": {
				"north": {"uv": [0, 0, 7, 7.6], "rotation": 180, "texture": "#2"},
				"east": {"uv": [12.5, 0.75, 15.6, 3.049], "texture": "#2"},
				"south": {"uv": [0, 0, 7, 7.6], "rotation": 180, "texture": "#2"},
				"west": {"uv": [12.5, 0.75, 15.6, 3.049], "texture": "#2"},
				"up": {"uv": [9.5, 0.75, 13.6, 4.049], "rotation": 90, "texture": "#2"},
				"down": {"uv": [9.5, 0.75, 13.6, 4.049], "rotation": 90, "texture": "#2"}
			}
		},
		{
			"name": "Frame",
			"from": [7, 6.4, -0.1],
			"to": [9, 8.2, 2.7],
			"faces": {
				"north": {"uv": [0, 0, 2, 1.4], "texture": "#0"},
				"east": {"uv": [10.5, 0.75, 13.6, 3.049], "texture": "#2"},
				"south": {"uv": [11.5, 0.75, 14.6, 3.049], "rotation": 180, "texture": "#2"},
				"west": {"uv": [10.5, 0.75, 13.6, 3.049], "texture": "#2"},
				"up": {"uv": [9.5, 0.75, 13.6, 4.049], "rotation": 90, "texture": "#2"},
				"down": {"uv": [9.5, 0.75, 13.6, 4.049], "rotation": 90, "texture": "#2"}
			}
		},
		{
			"name": "Frame",
			"from": [7.05, 6.65, -4.55],
			"to": [8.95, 7.05, -3.15],
			"faces": {
				"north": {"uv": [0, 0, 1.9, 0.4], "texture": "#0"},
				"east": {"uv": [0, 0, 1.4, 0.4], "texture": "#0"},
				"south": {"uv": [0, 0, 1.9, 0.4], "texture": "#0"},
				"west": {"uv": [0, 0, 1.4, 0.4], "texture": "#0"},
				"up": {"uv": [0, 0, 1.9, 1.4], "texture": "#0"},
				"down": {"uv": [0, 0, 7.979, 2.48], "rotation": 90, "texture": "#0"}
			}
		},
		{
			"name": "Trigger",
			"from": [7.4, 5.5, -3.5],
			"to": [8.6, 7.5, -3.3],
			"faces": {
				"north": {"uv": [0, 0, 3.2, 2.9], "texture": "#1"},
				"east": {"uv": [0, 0, 1.2, 3], "texture": "#1"},
				"south": {"uv": [0, 0, 1.2, 3], "texture": "#1"},
				"west": {"uv": [0, 0, 1.2, 3], "texture": "#1"},
				"up": {"uv": [0, 0, 1.2, 0.2], "texture": "#2"},
				"down": {"uv": [0, 0, 3.2, 1.2], "texture": "#1"}
			}
		},
		{
			"name": "Trigger",
			"from": [7.4, 5.3, -3.3],
			"to": [8.6, 5.5, -1.4],
			"faces": {
				"north": {"uv": [0, 0, 3.2, 1.2], "texture": "#1"},
				"east": {"uv": [0, 0, 2.9, 1.2], "texture": "#1"},
				"south": {"uv": [0, 0, 1.2, 0.2], "texture": "#1"},
				"west": {"uv": [0, 0, 1.9, 0.2], "texture": "#1"},
				"up": {"uv": [0, 0, 3.2, 2.9], "texture": "#1"},
				"down": {"uv": [0, 0, 3.2, 2.9], "texture": "#1"}
			}
		},
		{
			"name": "Barrel",
			"from": [7.6, 7.4, 0.9],
			"to": [8.4, 8.2, 19.7],
			"faces": {
				"north": {"uv": [0, 0, 0.6, 0.6], "texture": "#2"},
				"east": {"uv": [0, 0.75, 15.8, 2.549], "texture": "#2"},
				"south": {"uv": [5.75, 3, 8.049, 5.299], "texture": "#3"},
				"west": {"uv": [0, 3, 15.8, 4.799], "rotation": 180, "texture": "#2"},
				"up": {"uv": [0, 0, 15.8, 1.799], "rotation": 270, "texture": "#2"},
				"down": {"uv": [0, 0, 0.6, 4.6], "texture": "#2"}
			}
		},
		{
			"name": "Trigger",
			"from": [7.4, 5.5, -1.5],
			"to": [8.6, 7.5, -1.3],
			"faces": {
				"north": {"uv": [0, 0, 3.2, 2.9], "texture": "#1"},
				"east": {"uv": [0, 0, 1.2, 3], "texture": "#1"},
				"south": {"uv": [0, 0, 1.2, 2], "texture": "#1"},
				"west": {"uv": [0, 0, 1.2, 3], "texture": "#1"},
				"up": {"uv": [0, 0, 1.2, 0.2], "texture": "#2"},
				"down": {"uv": [0, 0, 2.2, 1.2], "texture": "#1"}
			}
		},
		{
			"name": "Trigger",
			"from": [7.75, 5.8, -2.8],
			"to": [8.25, 7.8, -2.6],
			"faces": {
				"north": {"uv": [0, 0, 3.2, 2.9], "texture": "#1"},
				"east": {"uv": [0, 0, 1.2, 3], "texture": "#1"},
				"south": {"uv": [0, 0, 3.2, 2.9], "texture": "#1"},
				"west": {"uv": [0, 0, 1.2, 3], "texture": "#1"},
				"up": {"uv": [0, 0, 1.2, 0.2], "texture": "#2"},
				"down": {"uv": [0, 0, 3.2, 2.9], "texture": "#1"}
			}
		},
		{
			"name": "Barrel",
			"from": [7.2, 6, 13.5],
			"to": [8.8, 8.4, 14.2],
			"faces": {
				"north": {"uv": [0, 0, 3.2, 5], "texture": "#1"},
				"east": {"uv": [0, 0, 2.2, 7], "texture": "#1"},
				"south": {"uv": [0, 0, 3.2, 5], "texture": "#1"},
				"west": {"uv": [0, 0, 2.2, 7], "texture": "#1"},
				"up": {"uv": [0, 0, 2.1, 5.2], "rotation": 90, "texture": "#1"},
				"down": {"uv": [0, 0, 2.1, 5.2], "rotation": 90, "texture": "#1"}
			}
		},
		{
			"name": "Back",
			"from": [7.02, 0.12, -3.9],
			"to": [8.98, 3.92, -2.5],
			"rotation": {"angle": 45, "axis": "x", "origin": [8, 8, -1]},
			"faces": {
				"north": {"uv": [0, 0, 8.78, 5.18], "rotation": 90, "texture": "#0"},
				"east": {"uv": [0, 0, 8.78, 5.18], "rotation": 90, "texture": "#0"},
				"south": {"uv": [0, 0, 8.78, 5.18], "rotation": 90, "texture": "#0"},
				"west": {"uv": [0, 0, 8.78, 5.18], "rotation": 90, "texture": "#0"},
				"up": {"uv": [0, 0, 1.96, 1.4], "texture": "#0"},
				"down": {"uv": [0, 0, 7.979, 3.48], "rotation": 90, "texture": "#0"}
			}
		},
		{
			"name": "Barrel",
			"from": [7.6, 6.4, 1.7],
			"to": [8.4, 7.2, 15.5],
			"faces": {
				"north": {"uv": [0, 0, 0.6, 0.6], "texture": "#2"},
				"east": {"uv": [0, 0, 15.8, 1.799], "texture": "#2"},
				"south": {"uv": [4.5, 5, 6.1, 6.6], "texture": "#2"},
				"west": {"uv": [0, 0, 15.8, 1.799], "rotation": 180, "texture": "#2"},
				"up": {"uv": [0, 0, 15.8, 1.799], "rotation": 270, "texture": "#2"},
				"down": {"uv": [0, 0, 15.8, 1.799], "rotation": 180, "texture": "#2"}
			}
		},
		{
			"name": "Frame",
			"from": [7.15, 6, 6.9],
			"to": [8.85, 7.4, 11.7],
			"faces": {
				"north": {"uv": [0, 0, 8.78, 5.18], "texture": "#0"},
				"east": {"uv": [10, 0, 15.78, 13.18], "rotation": 90, "texture": "#0"},
				"south": {"uv": [0, 0, 8.78, 5.18], "texture": "#0"},
				"west": {"uv": [10, 0, 15.78, 13.18], "rotation": 90, "texture": "#0"},
				"up": {"uv": [0, 0, 6.78, 5.18], "rotation": 90, "texture": "#0"},
				"down": {"uv": [0, 0, 7.78, 5.18], "rotation": 90, "texture": "#0"}
			}
		},
		{
			"name": "Frame",
			"from": [7.4, 6.3, -0.7],
			"to": [8.6, 6.9, 1.5],
			"faces": {
				"north": {"uv": [0, 0, 2.7, 4.2], "texture": "#1"},
				"east": {"uv": [0, 0, 2.7, 4.2], "texture": "#1"},
				"south": {"uv": [0, 0, 2.7, 4.2], "texture": "#1"},
				"west": {"uv": [0, 0, 2.7, 4.2], "texture": "#1"},
				"up": {"uv": [0, 0, 1.2, 2.2], "texture": "#2"},
				"down": {"uv": [0, 0, 2.7, 4.2], "texture": "#1"}
			}
		},
		{
			"name": "Frame",
			"from": [7.3, 7.7, -3.28],
			"to": [8.7, 8.4, 2.72],
			"faces": {
				"north": {"uv": [0, 0, 5.5, 4.299], "rotation": 180, "texture": "#2"},
				"east": {"uv": [0, 0, 5.5, 4.299], "rotation": 180, "texture": "#2"},
				"south": {"uv": [11.5, 0.75, 13.6, 2.549], "rotation": 180, "texture": "#2"},
				"west": {"uv": [0, 0, 5.5, 4.299], "rotation": 180, "texture": "#2"},
				"up": {"uv": [1, 0, 9, 13.6], "rotation": 180, "texture": "#2"},
				"down": {"uv": [0, 0, 6, 9.799], "rotation": 180, "texture": "#2"}
			}
		},
		{
			"name": "Trigger",
			"from": [7.75, 7.8, -3.8],
			"to": [8.25, 9.1, -3.6],
			"rotation": {"angle": -22.5, "axis": "x", "origin": [8, 9.3, -2.7]},
			"faces": {
				"north": {"uv": [0, 0, 3.2, 2.9], "texture": "#1"},
				"east": {"uv": [0, 0, 1.2, 3], "texture": "#1"},
				"south": {"uv": [0, 0, 3.2, 2.9], "texture": "#1"},
				"west": {"uv": [0, 0, 1.2, 3], "texture": "#1"},
				"up": {"uv": [0, 0, 2.5, 2.2], "texture": "#1"},
				"down": {"uv": [0, 0, 3.2, 2.9], "texture": "#1"}
			}
		},
		{
			"name": "Frame",
			"from": [6.9, 6.85, -0.5],
			"to": [7.3, 7.85, 1.7],
			"faces": {
				"north": {"uv": [0, 0, 3.2, 2.9], "texture": "#1"},
				"east": {"uv": [0, 2, 9.6, 6.1], "rotation": 180, "texture": "#2"},
				"south": {"uv": [0, 0, 3.2, 2.9], "texture": "#1"},
				"west": {"uv": [11.7, 14, 15.95, 16], "texture": "#1"},
				"up": {"uv": [0, 0, 3.2, 2.9], "texture": "#1"},
				"down": {"uv": [0, 0, 3.2, 2.9], "texture": "#1"}
			}
		},
		{
			"name": "Barrel",
			"from": [7.2, 6, 16],
			"to": [8.8, 8.4, 16.7],
			"faces": {
				"north": {"uv": [0, 0, 3.2, 5], "texture": "#1"},
				"east": {"uv": [0, 0, 2.2, 7], "texture": "#1"},
				"south": {"uv": [0, 0, 3.2, 5], "texture": "#1"},
				"west": {"uv": [0, 0, 2.2, 7], "texture": "#1"},
				"up": {"uv": [0, 0, 2.1, 5.2], "rotation": 90, "texture": "#1"},
				"down": {"uv": [0, 0, 2.1, 5.2], "rotation": 90, "texture": "#1"}
			}
		},
		{
			"name": "Barrel",
			"from": [7.75, 6.1, 19.5],
			"to": [8.25, 7.4, 28.1],
			"faces": {
				"north": {"uv": [0, 0, 0.8, 0.8], "texture": "#missing"},
				"east": {"uv": [1.75, 13.25, 13.5, 15.25], "texture": "#6"},
				"south": {"uv": [1.75, 13.25, 4.5, 15.25], "texture": "#6"},
				"west": {"uv": [13.5, 13.25, 1.75, 15.25], "texture": "#6"},
				"up": {"uv": [1.75, 14.75, 13.5, 15.25], "rotation": 90, "texture": "#6"},
				"down": {"uv": [1.75, 14.75, 13.5, 15.25], "rotation": 90, "texture": "#6"}
			}
		},
		{
			"name": "Barrel",
			"from": [7.85, 6.2, 27.9],
			"to": [8.15, 7.3, 30.3],
			"faces": {
				"north": {"uv": [0, 0, 0.8, 0.8], "texture": "#missing"},
				"east": {"uv": [2.75, 13.5, 4.5, 15], "texture": "#6"},
				"south": {"uv": [1.75, 13.25, 4.5, 15.25], "texture": "#6"},
				"west": {"uv": [1.75, 13.5, 0, 15], "texture": "#6"},
				"up": {"uv": [1.75, 14.75, 13.5, 15.25], "rotation": 90, "texture": "#6"},
				"down": {"uv": [1.75, 14.75, 13.5, 15.25], "rotation": 90, "texture": "#6"}
			}
		},
		{
			"name": "Barrel",
			"from": [7.49, 4.9, 19],
			"to": [8.51, 8.42, 19.5],
			"faces": {
				"north": {"uv": [0.25, 9.25, 0.75, 12.5], "texture": "#6"},
				"east": {"uv": [0, 9.25, 0.75, 12.5], "texture": "#6"},
				"south": {"uv": [0.25, 9.25, 0.75, 12.5], "texture": "#6"},
				"west": {"uv": [0.75, 9.25, 0, 12.5], "texture": "#6"},
				"up": {"uv": [0, 9.25, 0.75, 10], "texture": "#6"},
				"down": {"uv": [0, 9.25, 0.75, 10], "texture": "#6"}
			}
		},
		{
			"name": "Barrel",
			"from": [7.75, 6.2, 16.6],
			"to": [8.25, 7.2, 19.2],
			"faces": {
				"north": {"uv": [4.25, 10.25, 4.75, 11.5], "texture": "#6"},
				"east": {"uv": [0.75, 10.25, 4.75, 11.5], "texture": "#6"},
				"south": {"uv": [1.75, 13.25, 4.5, 15.25], "texture": "#6"},
				"west": {"uv": [4.75, 10.25, 0.75, 11.5], "texture": "#6"},
				"up": {"uv": [0.75, 11, 4.75, 11.5], "texture": "#6"},
				"down": {"uv": [0.75, 11, 4.75, 11.5], "texture": "#6"}
			}
		},
		{
			"name": "Barrel",
			"from": [8, 6.35, 29.05],
			"to": [8, 7.15, 31.15],
			"faces": {
				"north": {"uv": [0, 0, 0.8, 0.8], "texture": "#missing"},
				"east": {"uv": [0, 13.5, 5, 15], "texture": "#6"},
				"south": {"uv": [5, 2.25, 5.75, 3], "texture": "#5"},
				"west": {"uv": [1.75, 13.5, 0, 15], "texture": "#6"},
				"up": {"uv": [1.75, 14.75, 13.5, 15.25], "rotation": 90, "texture": "#6"},
				"down": {"uv": [1.75, 14.75, 13.5, 15.25], "rotation": 90, "texture": "#6"}
			}
		}
	],
	"display": {
		"thirdperson_righthand": {
			"rotation": [-100, 0, 180],
			"translation": [-2.5, 8.6, 0.5],
			"scale": [0.8, 0.8, 0.7]
		},
		"firstperson_righthand": {
			"rotation": [35, -180, -8],
			"translation": [1.25, 5, 1],
			"scale": [0.8, 0.8, 0.68]
		},
		"ground": {
			"scale": [0.6, 0.6, 0.6]
		},
		"gui": {
			"rotation": [-90, 60, 100],
			"translation": [-0.45, 2, 0],
			"scale": [0.08, 0.83, 0.49]
		},
		"fixed": {
			"rotation": [0, 90, 0],
			"translation": [0, 0, -1.5]
		}
	},
	"groups": [
		{
			"name": "bow",
			"children": [0, 1, 2, 3, 4, 5, 6, 7, 8, 9, 10, 11, 12, 13, 14, 15, 16, 17, 18, 19, 20, 21, 22]
		},
		{
			"name": "bayonet_model",
			"children": [
				{
					"name": "bayonet2",
					"children": [
						{
							"name": "Bayonet",
							"children": [23, 24, 25, 26, 27]
						}
					]
				}
			]
		}
	]
}