{
	"credit": "Made with Blockbench",
	"textures": {
		"0": "block/3dmodel/skin",
		"1": "block/3dmodel/metal_weapon2",
		"2": "block/3dmodel/metal_weapon4",
		"3": "block/3dmodel/Decorative_weapon",
		"4": "block/3dmodel/grenade",
		"5": "block/3dmodel/stone_andesite_smooth",
		"6": "block/3dmodel/Decorative_weapon",
		"particle": "block/3dmodel/Decorative_weapon"
	},
	"elements": [
		{
			"name": "Back",
			"from": [7, 8, -14.75],
			"to": [9, 9.3, -5.35],
			"rotation": {"angle": -22.5, "axis": "x", "origin": [8, 8, 0]},
			"faces": {
				"north": {"uv": [0, 7.75, 8.78, 11.18], "texture": "#0"},
				"east": {"uv": [0, 7.75, 15.78, 12.93], "texture": "#0"},
				"south": {"uv": [0, 0, 5.78, 5.18], "rotation": 90, "texture": "#0"},
				"west": {"uv": [0, 7.75, 15.78, 12.93], "texture": "#0"},
				"up": {"uv": [0, 0, 8.78, 5.18], "rotation": 90, "texture": "#0"},
				"down": {"uv": [0, 0, 7.979, 3.48], "rotation": 90, "texture": "#0"}
			}
		},
		{
			"name": "Back",
			"from": [7.03, 3.26145, -14.18],
			"to": [8.97, 7.00145, -11.42],
			"faces": {
				"north": {"uv": [0, 4, 8.78, 11.18], "texture": "#0"},
				"east": {"uv": [0, 5, 8.28, 12.929], "rotation": 180, "texture": "#0"},
				"south": {"uv": [0, 0, 1.98, 3.78], "texture": "#0"},
				"west": {"uv": [0, 5, 8.28, 12.929], "rotation": 180, "texture": "#0"},
				"up": {"uv": [0, 0, 8.78, 5.18], "rotation": 90, "texture": "#0"},
				"down": {"uv": [0, 0, 1.98, 2.8], "texture": "#0"}
			}
		},
		{
			"name": "Back",
			"from": [7.02, 4.52, -12.78],
			"to": [8.98, 7.58, -8.92],
			"faces": {
				"north": {"uv": [0, 4, 8.78, 11.18], "texture": "#0"},
				"east": {"uv": [0, 5, 8.28, 12.929], "rotation": 180, "texture": "#0"},
				"south": {"uv": [0, 0, 1.96, 3.06], "texture": "#0"},
				"west": {"uv": [0, 5, 8.28, 12.929], "rotation": 180, "texture": "#0"},
				"up": {"uv": [0, 0, 8.78, 5.18], "rotation": 90, "texture": "#0"},
				"down": {"uv": [0, 0, 1.96, 3.86], "texture": "#0"}
			}
		},
		{
			"name": "Back",
			"from": [7.01, 5.61, -9.89],
			"to": [8.99, 7.79, -7.11],
			"faces": {
				"north": {"uv": [0, 4, 8.78, 11.18], "texture": "#0"},
				"east": {"uv": [0, 5, 8.28, 12.929], "rotation": 180, "texture": "#0"},
				"south": {"uv": [1.25, 2.75, 9.23, 10.68], "texture": "#0"},
				"west": {"uv": [0, 5, 8.28, 12.929], "rotation": 180, "texture": "#0"},
				"up": {"uv": [0, 0, 8.78, 5.18], "rotation": 90, "texture": "#0"},
				"down": {"uv": [0, 0, 1.98, 2.78], "texture": "#0"}
			}
		},
		{
			"name": "Back",
			"from": [7.04, 6.15, -8.4],
			"to": [8.96, 7.65, -6.7],
			"rotation": {"angle": -22.5, "axis": "x", "origin": [8.02, 6.70599, -7.2337]},
			"faces": {
				"north": {"uv": [0, 0, 1.96, 1.4], "rotation": 180, "texture": "#0"},
				"east": {"uv": [0, 4, 8.78, 11.18], "rotation": 270, "texture": "#0"},
				"south": {"uv": [0, 0, 8.78, 5.18], "rotation": 90, "texture": "#0"},
				"west": {"uv": [0, 4, 8.78, 11.18], "rotation": 90, "texture": "#0"},
				"up": {"uv": [0, 0, 6.28, 5.18], "rotation": 90, "texture": "#0"},
				"down": {"uv": [0, 0, 1.96, 1.7], "texture": "#0"}
			}
		},
		{
			"name": "Frame",
			"from": [7.01, 7.88, -5.59],
			"to": [8.99, 8.88, -3.11],
			"rotation": {"angle": -22.5, "axis": "x", "origin": [8, 8, 0]},
			"faces": {
				"north": {"uv": [0, 0, 1.98, 1.28], "texture": "#0"},
				"east": {"uv": [0, 0, 8.78, 5.18], "texture": "#0"},
				"south": {"uv": [0, 0, 1.98, 1.28], "texture": "#0"},
				"west": {"uv": [0, 0, 8.78, 5.18], "texture": "#0"},
				"up": {"uv": [0, 0, 8.78, 5.18], "rotation": 90, "texture": "#0"},
				"down": {"uv": [0, 0, 8.78, 5.18], "rotation": 90, "texture": "#0"}
			}
		},
		{
			"name": "Frame",
			"from": [7, 6.4, -2.5],
			"to": [9, 8.2, 0.9],
			"faces": {
				"north": {"uv": [0, 0, 7, 7.6], "rotation": 180, "texture": "#2"},
				"east": {"uv": [15.849, 1.25, 12.75, 6.299], "texture": "#2"},
				"south": {"uv": [0, 0, 7, 7.6], "rotation": 180, "texture": "#2"},
				"west": {"uv": [12.75, 1.25, 15.849, 6.299], "texture": "#2"},
				"up": {"uv": [9.5, 0.75, 13.6, 4.049], "rotation": 90, "texture": "#2"},
				"down": {"uv": [9.5, 0.75, 13.6, 4.049], "rotation": 90, "texture": "#2"}
			}
		},
		{
			"name": "Frame",
			"from": [7, 6.4, 0.9],
			"to": [9, 8.2, 3.7],
			"faces": {
				"north": {"uv": [0, 0, 2, 1.4], "texture": "#0"},
				"east": {"uv": [12.75, 1.25, 15.849, 6.299], "texture": "#2"},
				"south": {"uv": [11.5, 0.75, 14.6, 3.049], "rotation": 180, "texture": "#2"},
				"west": {"uv": [15.849, 1.25, 12.75, 6.299], "texture": "#2"},
				"up": {"uv": [9.5, 0.75, 13.6, 4.049], "rotation": 90, "texture": "#2"},
				"down": {"uv": [9.5, 0.75, 13.6, 4.049], "rotation": 90, "texture": "#2"}
			}
		},
		{
			"name": "Frame",
			"from": [7.05, 6.65, -3.55],
			"to": [8.95, 7.05, -2.15],
			"faces": {
				"north": {"uv": [0, 0, 1.9, 0.4], "texture": "#0"},
				"east": {"uv": [9.5, 0.75, 13.6, 4.049], "texture": "#2"},
				"south": {"uv": [0, 0, 1.9, 0.4], "texture": "#0"},
				"west": {"uv": [9.5, 0.75, 13.6, 4.049], "texture": "#2"},
				"up": {"uv": [0, 0, 1.9, 1.4], "texture": "#0"},
				"down": {"uv": [9.5, 0.75, 13.6, 4.049], "rotation": 90, "texture": "#2"}
			}
		},
		{
			"name": "Trigger",
			"from": [7.4, 5.5, -2.45],
			"to": [8.6, 7.5, -2.25],
			"faces": {
				"north": {"uv": [15.849, 15.25, 13.5, 15.799], "rotation": 90, "texture": "#2"},
				"east": {"uv": [15.849, 15.25, 13.5, 15.799], "rotation": 90, "texture": "#2"},
				"south": {"uv": [15.849, 15.25, 13.5, 15.799], "rotation": 90, "texture": "#2"},
				"west": {"uv": [15.849, 15.25, 13.5, 15.799], "rotation": 90, "texture": "#2"},
				"up": {"uv": [0, 0, 1.2, 0.2], "texture": "#2"},
				"down": {"uv": [15.849, 15.25, 13.5, 15.799], "rotation": 90, "texture": "#2"}
			}
		},
		{
			"name": "Trigger",
			"from": [7.4, 5.3, -2.3],
			"to": [8.6, 5.5, -0.4],
			"faces": {
				"north": {"uv": [0, 0, 3.2, 1.2], "texture": "#1"},
				"east": {"uv": [15.849, 15.25, 13.5, 15.799], "texture": "#2"},
				"south": {"uv": [15.849, 15.25, 13.5, 15.799], "texture": "#2"},
				"west": {"uv": [15.849, 15.25, 13.5, 15.799], "texture": "#2"},
				"up": {"uv": [15.849, 15.25, 13.5, 15.799], "rotation": 90, "texture": "#2"},
				"down": {"uv": [15.849, 15.25, 13.5, 15.799], "rotation": 90, "texture": "#2"}
			}
		},
		{
			"name": "Trigger",
			"from": [7.41, 5.51, -0.49],
			"to": [8.59, 7.49, 0.29],
			"faces": {
				"north": {"uv": [15.849, 15.25, 13.5, 15.799], "rotation": 90, "texture": "#2"},
				"east": {"uv": [15.849, 15.25, 13.5, 15.799], "rotation": 90, "texture": "#2"},
				"south": {"uv": [0, 0, 1.2, 2], "texture": "#1"},
				"west": {"uv": [15.849, 15.25, 13.5, 15.799], "rotation": 90, "texture": "#2"},
				"up": {"uv": [0, 0, 1.2, 0.2], "texture": "#2"},
				"down": {"uv": [15.849, 15.25, 13.5, 15.799], "rotation": 90, "texture": "#2"}
			}
		},
		{
			"name": "Trigger",
			"from": [7.75, 5.8, -1.8],
			"to": [8.25, 6.8, -1.6],
			"faces": {
				"north": {"uv": [0.75, 10.5, 2.349, 13.049], "texture": "#4"},
				"east": {"uv": [0.75, 10.5, 2.349, 13.049], "texture": "#4"},
				"south": {"uv": [0.75, 10.5, 2.349, 13.049], "texture": "#4"},
				"west": {"uv": [0.75, 10.5, 2.349, 13.049], "texture": "#4"},
				"down": {"uv": [0.75, 10.5, 2.349, 13.049], "texture": "#4"}
			}
		},
		{
			"name": "Back",
			"from": [7.05, 0.15, -2.87],
			"to": [8.95, 3.89, -1.53],
			"rotation": {"angle": 45, "axis": "x", "origin": [8, 8, 0]},
			"faces": {
				"north": {"uv": [0, 0, 8.78, 5.18], "rotation": 90, "texture": "#0"},
				"east": {"uv": [0, 7.75, 8.03, 12.93], "rotation": 90, "texture": "#0"},
				"south": {"uv": [0, 0, 8.78, 5.18], "rotation": 90, "texture": "#0"},
				"west": {"uv": [0, 7.75, 8.03, 12.93], "rotation": 90, "texture": "#0"},
				"up": {"uv": [0, 0, 1.96, 1.4], "texture": "#0"},
				"down": {"uv": [0, 0, 7.979, 3.48], "rotation": 90, "texture": "#0"}
			}
		},
		{
			"name": "Frame",
			"from": [7.4, 2.3, 0.1],
			"to": [8.6, 6.9, 2.3],
			"faces": {
				"north": {"uv": [14.25, 10.25, 15.849, 12.049], "rotation": 90, "texture": "#2"},
				"east": {"uv": [14.25, 8.25, 15.849, 12.049], "rotation": 90, "texture": "#2"},
				"south": {"uv": [14.25, 10.25, 15.849, 12.049], "rotation": 90, "texture": "#2"},
				"west": {"uv": [14.25, 8.25, 15.849, 12.049], "rotation": 90, "texture": "#2"},
				"down": {"uv": [14.25, 10.25, 15.849, 12.049], "rotation": 90, "texture": "#2"}
			}
		},
		{
			"name": "Back",
			"from": [7.06, 3.54, -8.44413],
			"to": [8.94, 5.26, -6.67413],
			"faces": {
				"north": {"uv": [0, 0, 8.78, 5.18], "rotation": 90, "texture": "#0"},
				"east": {"uv": [0, 7.75, 8.03, 12.93], "texture": "#0"},
				"south": {"uv": [0, 0, 8.78, 5.18], "rotation": 90, "texture": "#0"},
				"west": {"uv": [0, 7.75, 8.03, 12.93], "texture": "#0"},
				"up": {"uv": [0, 0, 1.96, 1.4], "texture": "#0"},
				"down": {"uv": [0, 0, 7.979, 3.48], "rotation": 90, "texture": "#0"}
			}
		},
		{
			"name": "Frame",
			"from": [7.12, 6.44, 3.07],
			"to": [8.88, 8.1, 7.73],
			"faces": {
				"east": {"uv": [1.5, 6.5, 15.78, 13.429], "texture": "#0"},
				"south": {"uv": [11, 6.5, 15.78, 13.429], "texture": "#0"},
				"west": {"uv": [15.78, 6.5, 1.5, 13.429], "texture": "#0"},
				"up": {"uv": [15.78, 0, 0, 9.18], "rotation": 90, "texture": "#0"},
				"down": {"uv": [0, 0, 15.78, 9.18], "rotation": 90, "texture": "#0"}
			}
		},
		{
			"name": "Frame",
			"from": [7.2, 6.5, 7.7],
			"to": [8.8, 8.1, 11.3],
			"faces": {
				"east": {"uv": [15.78, 6.5, 1.5, 13.429], "texture": "#0"},
				"south": {"uv": [0, 0, 7.03, 8.179], "texture": "#0"},
				"west": {"uv": [1.5, 6.5, 15.78, 13.429], "texture": "#0"},
				"up": {"uv": [15.78, 9.18, 0, 0], "rotation": 90, "texture": "#0"},
				"down": {"uv": [15.78, 9.18, 0, 0], "rotation": 90, "texture": "#0"}
			}
		},
		{
			"name": "Frame",
			"from": [7.25, 6.6, 10.8],
			"to": [8.75, 8, 12.9],
			"faces": {
				"east": {"uv": [10.5, 6.5, 15.78, 13.429], "texture": "#0"},
				"south": {"uv": [11, 6.5, 15.78, 13.429], "texture": "#0"},
				"west": {"uv": [10.5, 6.5, 15.78, 13.429], "texture": "#0"},
				"up": {"uv": [15.78, 0, 0, 8.179], "rotation": 90, "texture": "#0"},
				"down": {"uv": [15.78, 0, 0, 8.179], "rotation": 90, "texture": "#0"}
			}
		},
		{
			"name": "Frame",
			"from": [7.6, 7.6, 12.5],
			"to": [8.4, 8.4, 20.1],
			"faces": {
				"north": {"uv": [0, 0, 2, 1.4], "texture": "#0"},
				"east": {"uv": [10.5, 0.75, 13.6, 3.049], "texture": "#2"},
				"south": {"uv": [5.5, 2.75, 8.099, 5.549], "texture": "#3"},
				"west": {"uv": [10.5, 0.75, 13.6, 3.049], "texture": "#2"},
				"up": {"uv": [0, 0.75, 15.099, 2.049], "rotation": 90, "texture": "#2"},
				"down": {"uv": [0, 0.75, 15.099, 2.049], "rotation": 90, "texture": "#2"}
			}
		},
		{
			"name": "Frame",
			"from": [7.2, 8.2, -2.4],
			"to": [8.8, 8.5, 3.7],
			"faces": {
				"north": {"uv": [4.25, 14.75, 15.85, 15.799], "texture": "#2"},
				"east": {"uv": [4.25, 14.75, 15.85, 15.799], "texture": "#2"},
				"south": {"uv": [4.25, 14.75, 15.85, 15.799], "texture": "#2"},
				"west": {"uv": [4.25, 14.75, 15.85, 15.799], "texture": "#2"},
				"up": {"uv": [9.5, 0.75, 13.6, 4.049], "rotation": 90, "texture": "#2"},
				"down": {"uv": [9.5, 0.75, 13.6, 4.049], "rotation": 90, "texture": "#2"}
			}
		},
		{
			"name": "Frame",
			"from": [7.225, 8.2, -4.64],
			"to": [8.775, 8.68, -2.21],
			"rotation": {"angle": -45, "axis": "x", "origin": [8.215, 8.35, -2.1]},
			"faces": {
				"north": {"uv": [0, 0, 7, 7.6], "rotation": 180, "texture": "#2"},
				"east": {"uv": [12.5, 2, 15.6, 3.049], "texture": "#2"},
				"south": {"uv": [0, 0, 7, 7.6], "rotation": 180, "texture": "#2"},
				"west": {"uv": [12.5, 2, 15.6, 3.049], "texture": "#2"},
				"up": {"uv": [9.5, 0.75, 13.6, 4.049], "rotation": 90, "texture": "#2"},
				"down": {"uv": [9.5, 0.75, 13.6, 4.049], "rotation": 90, "texture": "#2"}
			}
		},
		{
			"name": "Frame",
			"from": [7.75, 7.81241, -3],
			"to": [8.25, 8.21241, -2.2],
			"rotation": {"angle": 45, "axis": "x", "origin": [8, 8.01241, -2.89299]},
			"faces": {
				"north": {"uv": [0.5, 7, 2.349, 9.549], "rotation": 180, "texture": "#4"},
				"east": {"uv": [0.75, 10.5, 2.349, 13.049], "rotation": 90, "texture": "#4"},
				"south": {"uv": [13.6, 0.75, 9.5, 4.049], "rotation": 90, "texture": "#2"},
				"west": {"uv": [0.75, 10.5, 2.349, 13.049], "rotation": 270, "texture": "#4"},
				"up": {"uv": [0.75, 10.5, 2.349, 13.049], "texture": "#4"},
				"down": {"uv": [0.75, 10.5, 2.349, 13.049], "rotation": 180, "texture": "#4"}
			}
		},
		{
			"name": "Frame",
			"from": [7.8, 6.7, 12.7],
			"to": [8.2, 7.1, 14.9],
			"faces": {
				"north": {"uv": [0, 0, 2, 1.4], "texture": "#0"},
				"east": {"uv": [10.25, 6.75, 14.099, 8.549], "texture": "#2"},
				"south": {"uv": [10.25, 6.75, 14.099, 8.549], "texture": "#2"},
				"west": {"uv": [14.099, 6.75, 10.25, 8.549], "texture": "#2"},
				"up": {"uv": [10.25, 6.75, 14.099, 8.549], "rotation": 90, "texture": "#2"},
				"down": {"uv": [10.25, 6.75, 14.099, 8.549], "rotation": 90, "texture": "#2"}
			}
		},
		{
			"name": "Frame",
			"from": [6.9, 6.9, -0.2],
			"to": [7.9, 7.7, 2.4],
			"faces": {
				"north": {"uv": [0.75, 6.75, 2.098, 9.299], "rotation": 90, "texture": "#4"},
				"east": {"uv": [15.849, 1.25, 12.75, 6.299], "texture": "#2"},
				"south": {"uv": [0.75, 6.75, 2.098, 9.299], "rotation": 90, "texture": "#4"},
				"west": {"uv": [0.75, 6.75, 2.098, 9.299], "rotation": 90, "texture": "#4"},
				"up": {"uv": [0.75, 6.75, 2.098, 9.299], "rotation": 90, "texture": "#4"},
				"down": {"uv": [0.75, 6.75, 2.098, 9.299], "rotation": 90, "texture": "#4"}
			}
		},
		{
			"name": "Frame",
			"from": [7.45, 7.45, 12.65],
			"to": [8.55, 8.55, 13.55],
			"faces": {
				"north": {"uv": [0, 14, 0.85, 15.799], "texture": "#4"},
				"east": {"uv": [0, 14, 0.85, 15.799], "texture": "#4"},
				"south": {"uv": [0, 14, 0.85, 15.799], "texture": "#4"},
				"west": {"uv": [0, 14, 0.85, 15.799], "texture": "#4"},
				"up": {"uv": [0, 14, 0.85, 15.799], "texture": "#4"},
				"down": {"uv": [0, 0.75, 15.099, 2.049], "rotation": 90, "texture": "#2"}
			}
		},
		{
			"name": "Frame",
			"from": [7.7, 6.6, 12.9],
			"to": [8.3, 7.2, 13.3],
			"faces": {
				"north": {"uv": [0, 14, 0.85, 15.799], "texture": "#4"},
				"east": {"uv": [0, 14, 0.85, 15.799], "texture": "#4"},
				"south": {"uv": [0, 14, 0.85, 15.799], "texture": "#4"},
				"west": {"uv": [0, 14, 0.85, 15.799], "texture": "#4"},
				"up": {"uv": [0, 14, 0.85, 15.799], "texture": "#4"},
				"down": {"uv": [0, 0.75, 15.099, 2.049], "rotation": 90, "texture": "#2"}
			}
		},
		{
			"name": "Frame",
			"from": [7.75, 6.65, 12.95],
			"to": [8.25, 8.15, 13.25],
			"faces": {
				"north": {"uv": [0, 14, 0.85, 15.799], "texture": "#4"},
				"east": {"uv": [0, 14, 0.85, 15.799], "texture": "#4"},
				"south": {"uv": [0, 14, 0.85, 15.799], "texture": "#4"},
				"west": {"uv": [0, 14, 0.85, 15.799], "texture": "#4"},
				"up": {"uv": [0, 14, 0.85, 15.799], "texture": "#4"},
				"down": {"uv": [0, 0.75, 15.099, 2.049], "rotation": 90, "texture": "#2"}
			}
		},
		{
			"name": "Frame",
			"from": [7.7, 8.35, 18],
			"to": [8.3, 8.85, 18.9],
			"faces": {
				"north": {"uv": [0, 14, 0.85, 15.799], "texture": "#4"},
				"east": {"uv": [0, 14, 0.85, 15.799], "texture": "#4"},
				"south": {"uv": [0, 14, 0.85, 15.799], "texture": "#4"},
				"west": {"uv": [0, 14, 0.85, 15.799], "texture": "#4"},
				"up": {"uv": [0, 14, 0.85, 15.799], "texture": "#4"},
				"down": {"uv": [0, 0.75, 15.099, 2.049], "rotation": 90, "texture": "#2"}
			}
		},
		{
			"name": "Frame",
			"from": [7.6, 7.6, 2.5],
			"to": [8.4, 8.4, 13.1],
			"faces": {
				"north": {"uv": [0, 0, 2, 1.4], "texture": "#0"},
				"east": {"uv": [10.5, 0.75, 13.6, 3.049], "texture": "#2"},
				"south": {"uv": [5.5, 2.75, 8.099, 5.549], "texture": "#3"},
				"west": {"uv": [10.5, 0.75, 13.6, 3.049], "texture": "#2"},
				"up": {"uv": [0, 0.75, 15.099, 2.049], "rotation": 90, "texture": "#2"},
				"down": {"uv": [0, 0.75, 15.099, 2.049], "rotation": 90, "texture": "#2"}
			}
		},
		{
			"name": "Frame",
			"from": [7.01, 7.88, -3.1],
			"to": [8.99, 8.88, -1.62],
			"rotation": {"angle": -22.5, "axis": "x", "origin": [8, 8, 0]},
			"faces": {
				"north": {"uv": [9.5, 0.75, 13.6, 4.049], "texture": "#2"},
				"east": {"uv": [9.5, 0.75, 13.6, 4.049], "texture": "#2"},
				"south": {"uv": [0, 0, 1.98, 1.28], "texture": "#0"},
				"west": {"uv": [9.5, 0.75, 13.6, 4.049], "texture": "#2"},
				"up": {"uv": [9.5, 0.75, 13.6, 4.049], "rotation": 90, "texture": "#2"},
				"down": {"uv": [9.5, 0.75, 13.6, 4.049], "rotation": 90, "texture": "#2"}
			}
		},
		{
			"name": "Back",
			"from": [7.02, 6.02, -7.55628],
			"to": [8.98, 7.28, -4.19628],
			"faces": {
				"north": {"uv": [0, 0, 1.98, 2.78], "texture": "#0"},
				"east": {"uv": [0, 7.75, 15.78, 12.93], "texture": "#0"},
				"south": {"uv": [0, 0, 5.78, 5.18], "rotation": 90, "texture": "#0"},
				"west": {"uv": [0, 7.75, 15.78, 12.93], "texture": "#0"},
				"up": {"uv": [0, 0, 8.78, 5.18], "rotation": 90, "texture": "#0"},
				"down": {"uv": [0, 0, 7.979, 3.48], "rotation": 90, "texture": "#0"}
			}
		},
		{
			"name": "Barrel",
			"from": [7.75, 6.3, 19.5],
			"to": [8.25, 7.6, 28.1],
			"faces": {
				"north": {"uv": [0, 0, 0.8, 0.8], "texture": "#missing"},
				"east": {"uv": [1.75, 13.25, 13.5, 15.25], "texture": "#6"},
				"south": {"uv": [1.75, 13.25, 4.5, 15.25], "texture": "#6"},
				"west": {"uv": [13.5, 13.25, 1.75, 15.25], "texture": "#6"},
				"up": {"uv": [1.75, 14.75, 13.5, 15.25], "rotation": 90, "texture": "#6"},
				"down": {"uv": [1.75, 14.75, 13.5, 15.25], "rotation": 90, "texture": "#6"}
			}
		},
		{
			"name": "Barrel",
			"from": [7.85, 6.4, 27.9],
			"to": [8.15, 7.5, 30.3],
			"faces": {
				"north": {"uv": [0, 0, 0.8, 0.8], "texture": "#missing"},
				"east": {"uv": [2.75, 13.5, 4.5, 15], "texture": "#6"},
				"south": {"uv": [1.75, 13.25, 4.5, 15.25], "texture": "#6"},
				"west": {"uv": [1.75, 13.5, 0, 15], "texture": "#6"},
				"up": {"uv": [1.75, 14.75, 13.5, 15.25], "rotation": 90, "texture": "#6"},
				"down": {"uv": [1.75, 14.75, 13.5, 15.25], "rotation": 90, "texture": "#6"}
			}
		},
		{
			"name": "Barrel",
			"from": [7.49, 5.1, 19.2],
			"to": [8.51, 8.62, 19.7],
			"faces": {
				"north": {"uv": [0.25, 9.25, 0.75, 12.5], "texture": "#6"},
				"east": {"uv": [0, 9.25, 0.75, 12.5], "texture": "#6"},
				"south": {"uv": [0.25, 9.25, 0.75, 12.5], "texture": "#6"},
				"west": {"uv": [0.75, 9.25, 0, 12.5], "texture": "#6"},
				"up": {"uv": [0, 9.25, 0.75, 10], "texture": "#6"},
				"down": {"uv": [0, 9.25, 0.75, 10], "texture": "#6"}
			}
		},
		{
			"name": "Barrel",
			"from": [7.75, 6.4, 16.6],
			"to": [8.25, 7.4, 19.2],
			"faces": {
				"north": {"uv": [4.25, 10.25, 4.75, 11.5], "texture": "#6"},
				"east": {"uv": [0.75, 10.25, 4.75, 11.5], "texture": "#6"},
				"south": {"uv": [1.75, 13.25, 4.5, 15.25], "texture": "#6"},
				"west": {"uv": [4.75, 10.25, 0.75, 11.5], "texture": "#6"},
				"up": {"uv": [0.75, 11, 4.75, 11.5], "texture": "#6"},
				"down": {"uv": [0.75, 11, 4.75, 11.5], "texture": "#6"}
			}
		},
		{
			"name": "Barrel",
			"from": [8, 6.55, 29.05],
			"to": [8, 7.35, 31.15],
			"faces": {
				"north": {"uv": [0, 0, 0.8, 0.8], "texture": "#missing"},
				"east": {"uv": [0, 13.5, 5, 15], "texture": "#6"},
				"south": {"uv": [5, 2.25, 5.75, 3], "texture": "#5"},
				"west": {"uv": [1.75, 13.5, 0, 15], "texture": "#6"},
				"up": {"uv": [1.75, 14.75, 13.5, 15.25], "rotation": 90, "texture": "#6"},
				"down": {"uv": [1.75, 14.75, 13.5, 15.25], "rotation": 90, "texture": "#6"}
			}
		}
	],
	"display": {
		"thirdperson_righthand": {
			"rotation": [-100, 0, 180],
			"translation": [-2, 7.35, 1],
			"scale": [0.8, 0.8, 0.7]
		},
		"firstperson_righthand": {
			"rotation": [35, -180, 1],
			"translation": [1.25, 5, 1],
			"scale": [0.8, 0.8, 0.68]
		},
		"ground": {
			"scale": [0.6, 0.6, 0.6]
		},
		"gui": {
			"rotation": [-90, 60, 100],
			"translation": [-0.45, 2, 0],
			"scale": [0.08, 0.83, 0.49]
		},
		"fixed": {
			"rotation": [0, 90, 0],
			"translation": [0, 0, -1.5]
		}
	},
	"groups": [0, 1, 2, 3, 4, 5, 6, 7, 8, 9, 10, 11, 12, 13, 14, 15, 16, 17, 18, 19, 20, 21, 22, 23, 24, 25, 26, 27, 28, 29, 30, 31,
		{
			"name": "bayonet2",
			"children": [
				{
					"name": "Bayonet",
					"children": [32, 33, 34, 35, 36]
				}
			]
		}
	]
}