{
	"credit": "Made with Blockbench",
	"textures": {
		"5": "block/3dmodel/stone_andesite_smooth",
		"6": "block/3dmodel/Decorative_weapon"
	},
	"elements": [
		{
			"name": "Barrel",
			"from": [7.75, 6.3, 19.5],
			"to": [8.25, 7.6, 28.1],
			"faces": {
				"north": {"uv": [0, 0, 0.8, 0.8], "texture": "#missing"},
				"east": {"uv": [1.75, 13.25, 13.5, 15.25], "texture": "#6"},
				"south": {"uv": [1.75, 13.25, 4.5, 15.25], "texture": "#6"},
				"west": {"uv": [13.5, 13.25, 1.75, 15.25], "texture": "#6"},
				"up": {"uv": [1.75, 14.75, 13.5, 15.25], "rotation": 90, "texture": "#6"},
				"down": {"uv": [1.75, 14.75, 13.5, 15.25], "rotation": 90, "texture": "#6"}
			}
		},
		{
			"name": "Barrel",
			"from": [7.85, 6.4, 27.9],
			"to": [8.15, 7.5, 30.3],
			"faces": {
				"north": {"uv": [0, 0, 0.8, 0.8], "texture": "#missing"},
				"east": {"uv": [2.75, 13.5, 4.5, 15], "texture": "#6"},
				"south": {"uv": [1.75, 13.25, 4.5, 15.25], "texture": "#6"},
				"west": {"uv": [1.75, 13.5, 0, 15], "texture": "#6"},
				"up": {"uv": [1.75, 14.75, 13.5, 15.25], "rotation": 90, "texture": "#6"},
				"down": {"uv": [1.75, 14.75, 13.5, 15.25], "rotation": 90, "texture": "#6"}
			}
		},
		{
			"name": "Barrel",
			"from": [7.49, 5.1, 19.2],
			"to": [8.51, 8.62, 19.7],
			"faces": {
				"north": {"uv": [0.25, 9.25, 0.75, 12.5], "texture": "#6"},
				"east": {"uv": [0, 9.25, 0.75, 12.5], "texture": "#6"},
				"south": {"uv": [0.25, 9.25, 0.75, 12.5], "texture": "#6"},
				"west": {"uv": [0.75, 9.25, 0, 12.5], "texture": "#6"},
				"up": {"uv": [0, 9.25, 0.75, 10], "texture": "#6"},
				"down": {"uv": [0, 9.25, 0.75, 10], "texture": "#6"}
			}
		},
		{
			"name": "Barrel",
			"from": [7.75, 6.4, 16.6],
			"to": [8.25, 7.4, 19.2],
			"faces": {
				"north": {"uv": [4.25, 10.25, 4.75, 11.5], "texture": "#6"},
				"east": {"uv": [0.75, 10.25, 4.75, 11.5], "texture": "#6"},
				"south": {"uv": [1.75, 13.25, 4.5, 15.25], "texture": "#6"},
				"west": {"uv": [4.75, 10.25, 0.75, 11.5], "texture": "#6"},
				"up": {"uv": [0.75, 11, 4.75, 11.5], "texture": "#6"},
				"down": {"uv": [0.75, 11, 4.75, 11.5], "texture": "#6"}
			}
		},
		{
			"name": "Barrel",
			"from": [8, 6.55, 29.05],
			"to": [8, 7.35, 31.15],
			"faces": {
				"north": {"uv": [0, 0, 0.8, 0.8], "texture": "#missing"},
				"east": {"uv": [0, 13.5, 5, 15], "texture": "#6"},
				"south": {"uv": [5, 2.25, 5.75, 3], "texture": "#5"},
				"west": {"uv": [1.75, 13.5, 0, 15], "texture": "#6"},
				"up": {"uv": [1.75, 14.75, 13.5, 15.25], "rotation": 90, "texture": "#6"},
				"down": {"uv": [1.75, 14.75, 13.5, 15.25], "rotation": 90, "texture": "#6"}
			}
		}
	],
	"display": {
		"thirdperson_righthand": {
			"rotation": [-100, 0, 180],
			"translation": [-2, 7.35, 1],
			"scale": [0.8, 0.8, 0.7]
		},
		"firstperson_righthand": {
			"rotation": [35, -180, 1],
			"translation": [1.25, 5, 1],
			"scale": [0.8, 0.8, 0.68]
		},
		"ground": {
			"scale": [0.6, 0.6, 0.6]
		},
		"gui": {
			"rotation": [-90, 60, 100],
			"translation": [-0.45, 2, 0],
			"scale": [0.08, 0.83, 0.49]
		},
		"fixed": {
			"rotation": [0, 90, 0],
			"translation": [0, 0, -1.5]
		}
	},
	"groups": [
		{
			"name": "bayonet2",
			"children": [
				{
					"name": "Bayonet",
					"children": [0, 1, 2, 3, 4]
				}
			]
		}
	]
}