{
	"credit": "Made with Blockbench",
	"textures": {
		"5": "block/3dmodel/stone_andesite_smooth",
		"6": "block/3dmodel/Decorative_weapon"
	},
	"elements": [
		{
			"name": "Barrel",
			"from": [7.75, 7.4, 21],
			"to": [8.25, 8.7, 29.6],
			"faces": {
				"north": {"uv": [0, 0, 0.8, 0.8], "texture": "#missing"},
				"east": {"uv": [1.75, 13.25, 13.5, 15.25], "texture": "#6"},
				"south": {"uv": [1.75, 13.25, 4.5, 15.25], "texture": "#6"},
				"west": {"uv": [13.5, 13.25, 1.75, 15.25], "texture": "#6"},
				"up": {"uv": [1.75, 14.75, 13.5, 15.25], "rotation": 90, "texture": "#6"},
				"down": {"uv": [1.75, 14.75, 13.5, 15.25], "rotation": 90, "texture": "#6"}
			}
		},
		{
			"name": "Barrel",
			"from": [7.95, 7.6, 29.2],
			"to": [8.05, 8.5, 31.4],
			"faces": {
				"north": {"uv": [0, 0, 0.8, 0.8], "texture": "#missing"},
				"east": {"uv": [0, 13.5, 1.75, 15], "texture": "#6"},
				"south": {"uv": [5, 2.25, 5.75, 3], "texture": "#5"},
				"west": {"uv": [1.75, 13.5, 0, 15], "texture": "#6"},
				"up": {"uv": [1.75, 14.75, 13.5, 15.25], "rotation": 90, "texture": "#6"},
				"down": {"uv": [1.75, 14.75, 13.5, 15.25], "rotation": 90, "texture": "#6"}
			}
		},
		{
			"name": "Barrel",
			"from": [7.49, 6.09, 20.49],
			"to": [8.51, 9.61, 21.31],
			"faces": {
				"north": {"uv": [0, 9.25, 0.75, 12.5], "texture": "#6"},
				"east": {"uv": [0, 9.25, 0.75, 12.5], "texture": "#6"},
				"south": {"uv": [0, 9.25, 0.75, 12.5], "texture": "#6"},
				"west": {"uv": [0.75, 9.25, 0, 12.5], "texture": "#6"},
				"up": {"uv": [0, 9.25, 0.75, 10], "texture": "#6"},
				"down": {"uv": [0, 9.25, 0.75, 10], "texture": "#6"}
			}
		},
		{
			"name": "Barrel",
			"from": [7.75, 7.4, 17],
			"to": [8.25, 8.7, 20.6],
			"faces": {
				"north": {"uv": [4.25, 10.25, 4.75, 11.5], "texture": "#6"},
				"east": {"uv": [0.75, 10.25, 4.75, 11.5], "texture": "#6"},
				"south": {"uv": [1.75, 13.25, 4.5, 15.25], "texture": "#6"},
				"west": {"uv": [4.75, 10.25, 0.75, 11.5], "texture": "#6"},
				"up": {"uv": [0.75, 11, 4.75, 11.5], "texture": "#6"},
				"down": {"uv": [0.75, 11, 4.75, 11.5], "texture": "#6"}
			}
		}
	],
	"display": {
		"thirdperson_righthand": {
			"rotation": [-100, 0, 180],
			"translation": [-2, 4.1, 1],
			"scale": [0.8, 0.8, 0.7]
		},
		"firstperson_righthand": {
			"rotation": [25, -180, 1],
			"translation": [1.25, 4.25, 1],
			"scale": [0.8, 0.8, 0.68]
		},
		"ground": {
			"scale": [0.6, 0.6, 0.6]
		},
		"gui": {
			"rotation": [-90, 60, 100],
			"translation": [-0.45, 2, 0],
			"scale": [0.08, 0.83, 0.49]
		},
		"fixed": {
			"rotation": [0, 90, 0],
			"translation": [0, 0, -1.5]
		}
	},
	"groups": [
		{
			"name": "Bayonet",
			"children": [0, 1, 2, 3]
		}
	]
}