{
	"credit": "Made with Blockbench",
	"textures": {
		"0": "block/3dmodel/metal_weapon",
		"1": "block/spruce_planks",
		"2": "block/polished_andesite",
		"3": "block/3dmodel/Decorative_weapon",
		"4": "block/3dmodel/metal_weapon5",
		"particle": "block/polished_andesite"
	},
	"elements": [
		{
			"name": "Mag",
			"from": [7, 2, 5.3],
			"to": [9, 9.7, 8.9],
			"rotation": {"angle": 22.5, "axis": "x", "origin": [8, 8, 8]},
			"faces": {
				"north": {"uv": [2.5, 8, 14.5, 11.6], "rotation": 90, "texture": "#1"},
				"east": {"uv": [2.5, 8, 14.5, 11.6], "rotation": 90, "texture": "#1"},
				"south": {"uv": [2.5, 8, 14.5, 11.6], "rotation": 90, "texture": "#1"},
				"west": {"uv": [2.5, 8, 14.5, 11.6], "rotation": 90, "texture": "#1"},
				"up": {"uv": [2.5, 8, 14.5, 11.6], "rotation": 90, "texture": "#1"},
				"down": {"uv": [2.5, 8, 14.5, 11.6], "rotation": 90, "texture": "#1"}
			}
		},
		{
			"name": "Trigger",
			"from": [7.1, 8.7, 6.8],
			"to": [8.9, 12, 9.9],
			"faces": {
				"north": {"uv": [0, 0, 2, 3.8], "texture": "#0"},
				"east": {"uv": [2.5, 0.5, 11.55, 6.4], "texture": "#0"},
				"south": {"uv": [2.5, 0.5, 11.55, 6.4], "texture": "#0"},
				"west": {"uv": [11.55, 0.5, 2.5, 6.4], "texture": "#0"},
				"up": {"uv": [0, 0, 2, 1.3], "texture": "#0"},
				"down": {"uv": [0, 0, 2, 1.3], "texture": "#0"}
			}
		},
		{
			"name": "Trigger",
			"from": [7.9, 9.3, 10.5],
			"to": [8.1, 9.5, 11.6],
			"faces": {
				"north": {"uv": [5.25, 8, 6.299, 9.15], "texture": "#2"},
				"east": {"uv": [5.25, 8, 9.299, 9.15], "texture": "#2"},
				"south": {"uv": [5.25, 8, 6.299, 9.15], "texture": "#2"},
				"west": {"uv": [5.25, 8, 9.299, 9.15], "texture": "#2"},
				"up": {"uv": [5.25, 8, 9.299, 9.15], "rotation": 90, "texture": "#2"},
				"down": {"uv": [5.25, 8, 9.299, 9.15], "rotation": 90, "texture": "#2"}
			}
		},
		{
			"name": "Trigger",
			"from": [7.5, 8.3, 10.4],
			"to": [8.5, 8.7, 12.38],
			"faces": {
				"north": {"uv": [0, 0, 1, 0.4], "texture": "#0"},
				"east": {"uv": [0, 0, 3.8, 0.4], "texture": "#0"},
				"south": {"uv": [0, 0, 1, 0.4], "texture": "#0"},
				"west": {"uv": [0, 0, 3.8, 0.4], "texture": "#0"},
				"up": {"uv": [0, 0, 1, 3.8], "texture": "#0"},
				"down": {"uv": [0, 0, 1, 3.8], "texture": "#0"}
			}
		},
		{
			"name": "Trigger",
			"from": [7.35, 10.9, 9.2],
			"to": [8.65, 12.9, 14.6],
			"faces": {
				"north": {"uv": [0, 0, 1, 0.4], "texture": "#0"},
				"east": {"uv": [0, 0, 8.8, 2.4], "texture": "#0"},
				"south": {"uv": [0, 0, 1, 0.4], "texture": "#0"},
				"west": {"uv": [0, 0, 8.8, 0.4], "texture": "#0"},
				"up": {"uv": [0, 0, 1, 8.8], "texture": "#0"},
				"down": {"uv": [0, 0, 1, 8.8], "texture": "#0"}
			}
		},
		{
			"name": "Trigger",
			"from": [7.51, 5.11, 11.36],
			"to": [8.49, 5.49, 12.19],
			"rotation": {"angle": -45, "axis": "x", "origin": [8, 8, 8]},
			"faces": {
				"north": {"uv": [0, 0, 1, 0.4], "texture": "#0"},
				"east": {"uv": [0, 0, 0.8, 0.4], "texture": "#0"},
				"south": {"uv": [0, 0, 1, 0.4], "texture": "#0"},
				"west": {"uv": [0, 0, 0.8, 0.4], "texture": "#0"},
				"up": {"uv": [0, 0, 1, 0.8], "texture": "#0"},
				"down": {"uv": [0, 0, 1, 0.8], "texture": "#0"}
			}
		},
		{
			"name": "Trigger",
			"from": [7.5, 8.9, 12.6],
			"to": [8.5, 11.7, 13],
			"faces": {
				"north": {"uv": [0, 0, 1, 2.8], "texture": "#0"},
				"east": {"uv": [0, 0, 0.4, 2.8], "texture": "#0"},
				"south": {"uv": [0, 0, 1, 2.8], "texture": "#0"},
				"west": {"uv": [0, 0, 0.4, 2.8], "texture": "#0"},
				"up": {"uv": [0, 0, 1, 0.4], "texture": "#0"},
				"down": {"uv": [0, 0, 1, 0.4], "texture": "#0"}
			}
		},
		{
			"name": "Body",
			"from": [7.4, 12.5, 10.8],
			"to": [8.6, 13.7, 21.4],
			"faces": {
				"north": {"uv": [0, 0, 2, 2], "texture": "#0"},
				"east": {"uv": [2, 1, 13.4, 3], "texture": "#0"},
				"south": {"uv": [5.5, 2.75, 8.25, 5.5], "texture": "#3"},
				"west": {"uv": [2, 1, 13.4, 3], "texture": "#0"},
				"up": {"uv": [4, 0, 6, 8.4], "texture": "#0"},
				"down": {"uv": [0, 0, 2, 8], "texture": "#0"}
			}
		},
		{
			"name": "Body",
			"from": [7.3, 14.1, 4.8],
			"to": [8.7, 14.5, 10.8],
			"faces": {
				"north": {"uv": [0, 0.25, 2, 1.9], "texture": "#0"},
				"east": {"uv": [0, 0.25, 2, 1.9], "texture": "#0"},
				"south": {"uv": [0, 0.25, 2, 1.9], "texture": "#0"},
				"west": {"uv": [0, 0.25, 2, 1.9], "texture": "#0"},
				"up": {"uv": [14, 3, 16, 11.15], "texture": "#0"},
				"down": {"uv": [0, 0, 1.4, 15], "texture": "#0"}
			}
		},
		{
			"name": "Body",
			"from": [7.85, 13.2, 20.1],
			"to": [8.15, 14.6, 21.1],
			"faces": {
				"north": {"uv": [3.5, 1.5, 4.25, 4.55], "rotation": 180, "texture": "#0"},
				"east": {"uv": [3.5, 1.5, 6.25, 4.55], "rotation": 180, "texture": "#0"},
				"south": {"uv": [3.5, 1.5, 4.25, 4.55], "rotation": 180, "texture": "#0"},
				"west": {"uv": [3.5, 1.5, 6.25, 4.55], "rotation": 180, "texture": "#0"},
				"up": {"uv": [3.5, 1.5, 4.25, 4.55], "rotation": 180, "texture": "#0"},
				"down": {"uv": [0, 0, 1, 0.3], "rotation": 270, "texture": "#0"}
			}
		},
		{
			"name": "Mag",
			"from": [6.8, 1.9, 5.5],
			"to": [9.2, 9.5, 8.5],
			"rotation": {"angle": 22.5, "axis": "x", "origin": [8, 8, 8]},
			"faces": {
				"north": {"uv": [1, 1.25, 6.25, 14.349], "texture": "#4"},
				"east": {"uv": [6.25, 1.25, 1, 14.349], "texture": "#4"},
				"south": {"uv": [1.75, 3.25, 2.5, 14.099], "texture": "#4"},
				"west": {"uv": [1, 1.25, 6.25, 14.349], "texture": "#4"},
				"up": {"uv": [0, 0, 0.2, 3], "texture": "#1"},
				"down": {"uv": [0, 0, 0.2, 3], "texture": "#1"}
			}
		},
		{
			"name": "Trigger",
			"from": [7.8, 9.5, 10.4],
			"to": [8.2, 12.9, 11.2],
			"faces": {
				"north": {"uv": [0, 0, 0.4, 3.4], "texture": "#0"},
				"east": {"uv": [10, 8, 11.299, 12.4], "texture": "#2"},
				"south": {"uv": [9, 8, 9.799, 12.4], "rotation": 180, "texture": "#2"},
				"west": {"uv": [10, 8, 11.299, 12.4], "texture": "#2"},
				"up": {"uv": [0, 0, 0.4, 1.3], "texture": "#0"},
				"down": {"uv": [0, 0, 0.4, 1.3], "texture": "#0"}
			}
		},
		{
			"name": "Body",
			"from": [6.8, 13.6, 6.7],
			"to": [9.2, 14.9, 7.3],
			"faces": {
				"north": {"uv": [4, 0, 6, 1.9], "texture": "#0"},
				"east": {"uv": [4, 0, 6, 1.9], "texture": "#0"},
				"south": {"uv": [4, 0, 6, 1.9], "texture": "#0"},
				"west": {"uv": [4, 0, 6, 1.9], "texture": "#0"},
				"up": {"uv": [4, 0, 6, 1.9], "texture": "#0"},
				"down": {"uv": [4, 0, 6, 1.9], "texture": "#0"}
			}
		},
		{
			"name": "Body",
			"from": [7, 12.1, 4.4],
			"to": [9, 14.1, 15.2],
			"faces": {
				"north": {"uv": [0, 0, 2, 2], "texture": "#0"},
				"east": {"uv": [2, 1, 13.4, 4], "texture": "#0"},
				"south": {"uv": [3, 4, 10, 8], "texture": "#0"},
				"west": {"uv": [2, 1, 13.4, 4], "texture": "#0"},
				"up": {"uv": [4, 0, 6, 8.4], "texture": "#0"},
				"down": {"uv": [0, 0, 2, 8], "texture": "#0"}
			}
		},
		{
			"name": "Trigger",
			"from": [7.51, 8.30978, 9.949],
			"to": [8.49, 9.13978, 10.329],
			"rotation": {"angle": -45, "axis": "x", "origin": [8, 8.72478, 10.139]},
			"faces": {
				"north": {"uv": [0, 0, 1, 0.8], "rotation": 180, "texture": "#0"},
				"east": {"uv": [0, 0, 0.8, 0.4], "rotation": 90, "texture": "#0"},
				"south": {"uv": [0, 0, 1, 0.8], "texture": "#0"},
				"west": {"uv": [0, 0, 0.8, 0.4], "rotation": 270, "texture": "#0"},
				"up": {"uv": [0, 0, 1, 0.4], "texture": "#0"},
				"down": {"uv": [0, 0, 1, 0.4], "rotation": 180, "texture": "#0"}
			}
		},
		{
			"name": "Body",
			"from": [9.3, 13.5, 6.3],
			"to": [9.3, 14.9, 7.7],
			"faces": {
				"east": {"uv": [11, 0, 12.75, 1.9], "texture": "#3"}
			}
		},
		{
			"name": "Body",
			"from": [6.8, 13.95, 6.35],
			"to": [9.2, 14.55, 7.65],
			"faces": {
				"north": {"uv": [4, 0, 6, 1.9], "rotation": 180, "texture": "#0"},
				"east": {"uv": [4, 0, 6, 1.9], "rotation": 90, "texture": "#0"},
				"south": {"uv": [4, 0, 6, 1.9], "texture": "#0"},
				"west": {"uv": [4, 0, 6, 1.9], "rotation": 270, "texture": "#0"},
				"up": {"uv": [4, 0, 6, 1.9], "texture": "#0"},
				"down": {"uv": [4, 0, 6, 1.9], "rotation": 180, "texture": "#0"}
			}
		},
		{
			"name": "Body",
			"from": [6.8, 13.78, 6.5],
			"to": [9.2, 14.68, 7.5],
			"faces": {
				"north": {"uv": [4, 0, 6, 1.9], "rotation": 180, "texture": "#0"},
				"east": {"uv": [4, 0, 6, 1.9], "rotation": 90, "texture": "#0"},
				"south": {"uv": [4, 0, 6, 1.9], "texture": "#0"},
				"west": {"uv": [4, 0, 6, 1.9], "rotation": 270, "texture": "#0"},
				"up": {"uv": [4, 0, 6, 1.9], "texture": "#0"},
				"down": {"uv": [4, 0, 6, 1.9], "rotation": 180, "texture": "#0"}
			}
		},
		{
			"name": "Body",
			"from": [6.7, 13.5, 6.3],
			"to": [6.7, 14.9, 7.7],
			"faces": {
				"west": {"uv": [11, 0, 12.75, 1.9], "texture": "#3"}
			}
		},
		{
			"name": "Mag",
			"from": [6.9, 8.6, 5.9],
			"to": [9.1, 12.2, 9.5],
			"faces": {
				"north": {"uv": [2.5, 8, 14.5, 11.6], "rotation": 90, "texture": "#1"},
				"east": {"uv": [1.25, 0, 6.25, 8.599], "texture": "#4"},
				"south": {"uv": [2.5, 8, 14.5, 11.6], "rotation": 90, "texture": "#1"},
				"west": {"uv": [1.25, 0, 6.25, 8.599], "texture": "#4"},
				"up": {"uv": [0, 0, 0.2, 3], "texture": "#1"},
				"down": {"uv": [2.5, 8, 14.5, 11.6], "rotation": 90, "texture": "#1"}
			}
		},
		{
			"name": "Mag",
			"from": [6.9, 1.5, 5.6],
			"to": [9.1, 2.9, 8.4],
			"rotation": {"angle": 22.5, "axis": "x", "origin": [8, 8, 8]},
			"faces": {
				"north": {"uv": [1, 1.25, 6.25, 14.349], "texture": "#4"},
				"east": {"uv": [6.25, 1.25, 1, 14.349], "texture": "#4"},
				"south": {"uv": [1.75, 3.25, 2.5, 14.099], "texture": "#4"},
				"west": {"uv": [1, 1.25, 6.25, 14.349], "texture": "#4"},
				"up": {"uv": [0, 0, 0.2, 3], "texture": "#1"},
				"down": {"uv": [0, 0, 0.2, 3], "texture": "#1"}
			}
		},
		{
			"name": "Mag",
			"from": [7.09508, 8.92044, 5.2],
			"to": [8.89508, 13.12044, 7.4],
			"rotation": {"angle": -22.5, "axis": "x", "origin": [7.99508, 11.02044, 6.01791]},
			"faces": {
				"north": {"uv": [2.5, 8, 14.5, 11.6], "rotation": 90, "texture": "#1"},
				"east": {"uv": [1.25, 0, 6.25, 8.599], "texture": "#4"},
				"south": {"uv": [2.5, 8, 14.5, 11.6], "rotation": 90, "texture": "#1"},
				"west": {"uv": [1.25, 0, 6.25, 8.599], "texture": "#4"},
				"up": {"uv": [0, 0, 0.2, 3], "texture": "#1"},
				"down": {"uv": [2.5, 8, 14.5, 11.6], "rotation": 90, "texture": "#1"}
			}
		},
		{
			"name": "Body",
			"from": [7.2, 12.3, 4.1],
			"to": [8.8, 13.9, 6.5],
			"faces": {
				"north": {"uv": [0, 0, 2, 2], "texture": "#0"},
				"east": {"uv": [2, 1, 13.4, 4], "texture": "#0"},
				"south": {"uv": [3, 4, 10, 8], "texture": "#0"},
				"west": {"uv": [2, 1, 13.4, 4], "texture": "#0"},
				"up": {"uv": [4, 0, 6, 8.4], "texture": "#0"},
				"down": {"uv": [0, 0, 2, 8], "texture": "#0"}
			}
		}
	],
	"display": {
		"thirdperson_righthand": {
			"rotation": [180, 0, 180],
			"translation": [0, -1.75, 0.4],
			"scale": [0.63, 0.57, 0.6]
		},
		"firstperson_righthand": {
			"rotation": [19, -172, -9],
			"translation": [1.75, 1.75, -0.75],
			"scale": [0.6, 0.6, 0.6]
		},
		"ground": {
			"translation": [0, 2.25, 0],
			"scale": [0.5, 0.5, 0.5]
		},
		"gui": {
			"rotation": [-60, 60, 60],
			"translation": [-2.5, -2.85, 0.4],
			"scale": [0.8, 0.8, 0.8]
		},
		"fixed": {
			"rotation": [0, 90, 0],
			"translation": [-3.25, -1.25, 0],
			"scale": [0.8, 0.8, 0.8]
		}
	}
}