{
	"credit": "Made with Blockbench",
	"textures": {
		"0": "block/3dmodel/lee1",
		"1": "block/3dmodel/lee3",
		"3": "block/3dmodel/metal_weapon",
		"4": "block/3dmodel/metal_weapon3",
		"6": "block/3dmodel/Decorative_weapon",
		"particle": "block/3dmodel/metal_weapon"
	},
	"elements": [
		{
			"name": "Back",
			"from": [7.00068, -4, -5.5],
			"to": [9.00068, -2, -4],
			"rotation": {"angle": 22.5, "axis": "x", "origin": [7.99968, 8, 8]},
			"faces": {
				"north": {"uv": [0, 0, 6.8, 4.6], "rotation": 90, "texture": "#0"},
				"east": {"uv": [0, 2.5, 6.8, 9.1], "texture": "#0"},
				"south": {"uv": [0, 0, 2, 2], "texture": "#0"},
				"west": {"uv": [0, 2.5, 6.8, 9.1], "texture": "#0"},
				"up": {"uv": [0, 0, 2, 1.5], "texture": "#0"},
				"down": {"uv": [0, 0, 6.8, 4.6], "rotation": 90, "texture": "#0"}
			}
		},
		{
			"name": "Back",
			"from": [6.98958, 2.79, -8.51],
			"to": [9.00958, 5.01, -5.99],
			"faces": {
				"north": {"uv": [0, 0, 6.8, 4.6], "rotation": 90, "texture": "#0"},
				"east": {"uv": [0, 2.5, 6.8, 9.1], "texture": "#0"},
				"south": {"uv": [0, 0, 2, 2.2], "texture": "#0"},
				"west": {"uv": [0, 2.5, 6.8, 9.1], "texture": "#0"},
				"up": {"uv": [0, 0, 2, 2.5], "texture": "#0"},
				"down": {"uv": [0, 0, 2, 2.5], "texture": "#0"}
			}
		},
		{
			"name": "Back",
			"from": [6.99968, 8.5, -8.7],
			"to": [8.99968, 12.3, -6.2],
			"rotation": {"angle": -22.5, "axis": "x", "origin": [7.99968, 8, 8]},
			"faces": {
				"north": {"uv": [0, 0, 6.8, 4.6], "rotation": 90, "texture": "#0"},
				"east": {"uv": [6.25, 5, 13.05, 11.6], "texture": "#0"},
				"south": {"uv": [0, 0, 2, 3.8], "texture": "#0"},
				"west": {"uv": [6.25, 5, 13.05, 11.6], "texture": "#0"},
				"up": {"uv": [0, 0, 15.8, 4.6], "rotation": 90, "texture": "#0"},
				"down": {"uv": [0, 0, 2, 2.5], "texture": "#0"}
			}
		},
		{
			"name": "Back",
			"from": [7.00968, 3.51, -6.79],
			"to": [8.98968, 6.59, -2.91],
			"faces": {
				"north": {"uv": [0, 0, 6.8, 4.6], "rotation": 90, "texture": "#0"},
				"east": {"uv": [0, 2.5, 10.8, 11.6], "texture": "#0"},
				"south": {"uv": [0, 0, 2, 3.1], "texture": "#0"},
				"west": {"uv": [0, 2.5, 10.8, 11.6], "texture": "#0"},
				"up": {"uv": [0, 0, 15.8, 4.6], "rotation": 90, "texture": "#0"},
				"down": {"uv": [0, 0, 2, 3.9], "texture": "#0"}
			}
		},
		{
			"name": "Back",
			"from": [6.99968, 4.6, -2.9],
			"to": [8.99968, 6.8, -0.1],
			"faces": {
				"north": {"uv": [0, 0, 6.8, 4.6], "rotation": 90, "texture": "#0"},
				"east": {"uv": [0, 2.5, 6.8, 9.1], "texture": "#0"},
				"south": {"uv": [0, 0, 2, 2.2], "texture": "#0"},
				"west": {"uv": [0, 2.5, 6.8, 9.1], "texture": "#0"},
				"up": {"uv": [0, 0, 15.8, 4.6], "rotation": 90, "texture": "#0"},
				"down": {"uv": [0, 0, 2, 2.8], "texture": "#0"}
			}
		},
		{
			"name": "Back",
			"from": [7.00068, 0.1, 3.2],
			"to": [9.00068, 1.5, 4.6],
			"rotation": {"angle": 45, "axis": "x", "origin": [7.99968, 8, 8]},
			"faces": {
				"north": {"uv": [0, 0, 6.8, 4.6], "rotation": 90, "texture": "#0"},
				"east": {"uv": [0, 2.5, 5.3, 8.1], "texture": "#0"},
				"south": {"uv": [0, 0, 2, 1.4], "texture": "#0"},
				"west": {"uv": [0, 2.5, 5.3, 8.1], "texture": "#0"},
				"up": {"uv": [0, 0, 6.8, 4.6], "rotation": 90, "texture": "#0"},
				"down": {"uv": [0, 0, 2, 1.4], "texture": "#0"}
			}
		},
		{
			"name": "Frame",
			"from": [7.001, 6.6, 5.5],
			"to": [9.001, 8.2, 11.9],
			"faces": {
				"north": {"uv": [0, 0, 2, 1.8], "texture": "#0"},
				"east": {"uv": [0, 3.5, 15.8, 7.6], "texture": "#0"},
				"south": {"uv": [0, 3.5, 15.8, 7.6], "texture": "#0"},
				"west": {"uv": [0, 3.5, 15.8, 7.6], "texture": "#0"},
				"up": {"uv": [0, 0, 15.8, 3.6], "rotation": 90, "texture": "#0"},
				"down": {"uv": [0, 5, 15.8, 9.1], "rotation": 90, "texture": "#0"}
			}
		},
		{
			"name": "Frame",
			"from": [7, 6.6, 9.9],
			"to": [9, 8, 12.7],
			"faces": {
				"north": {"uv": [0, 0, 2, 1.4], "texture": "#0"},
				"east": {"uv": [0, 3.5, 15.8, 7.6], "texture": "#0"},
				"south": {"uv": [0, 3.5, 15.8, 7.6], "texture": "#0"},
				"west": {"uv": [0, 3.5, 15.8, 7.6], "texture": "#0"},
				"up": {"uv": [0, 0, 2, 7.8], "texture": "#0"},
				"down": {"uv": [0, 3.5, 15.8, 7.6], "rotation": 90, "texture": "#0"}
			}
		},
		{
			"name": "Barrel",
			"from": [7.2, 6.9, 11.5],
			"to": [8.8, 7.5, 26.5],
			"faces": {
				"north": {"uv": [0, 0, 0.6, 0.6], "texture": "#0"},
				"east": {"uv": [0, 5.75, 15.8, 8.35], "texture": "#0"},
				"south": {"uv": [0, 9, 10.3, 12.1], "texture": "#0"},
				"west": {"uv": [0, 4.5, 15.8, 7.1], "texture": "#0"},
				"up": {"uv": [0, 0, 0.6, 12], "texture": "#0"},
				"down": {"uv": [0, 0, 15.8, 3.6], "rotation": 90, "texture": "#0"}
			}
		},
		{
			"name": "Barrel",
			"from": [7.2, 7.5, 10.9],
			"to": [8.8, 8.3, 26.5],
			"faces": {
				"north": {"uv": [0, 0, 0.8, 0.8], "texture": "#0"},
				"east": {"uv": [0, 8.75, 15.8, 11.85], "texture": "#0"},
				"south": {"uv": [0, 9, 10.3, 12.1], "texture": "#0"},
				"west": {"uv": [0, 2, 15.8, 5.85], "texture": "#0"},
				"up": {"uv": [0, 0, 15.8, 7.35], "rotation": 90, "texture": "#0"},
				"down": {"uv": [0, 0, 0.8, 13.1], "texture": "#0"}
			}
		},
		{
			"name": "Trigger",
			"from": [7.4, 5.3, 7.88492],
			"to": [8.6, 7.8, 11.68492],
			"rotation": {"angle": -22.5, "axis": "x", "origin": [8, 6.30395, 9.78492]},
			"faces": {
				"north": {"uv": [9, 0, 7, 7.3], "texture": "#1"},
				"east": {"uv": [14.75, 0, 8.25, 7.3], "texture": "#1"},
				"south": {"uv": [9, 0, 7, 7.3], "texture": "#1"},
				"west": {"uv": [8.25, 0, 14.75, 7.3], "texture": "#1"},
				"up": {"uv": [0, 0, 2, 3.5], "texture": "#missing"},
				"down": {"uv": [12.5, 6, 10.5, 9.8], "texture": "#1"}
			}
		},
		{
			"name": "Trigger",
			"from": [7.4, 4.5, 4.5],
			"to": [8.6, 6.5, 4.7],
			"faces": {
				"north": {"uv": [0, 0, 6.9, 3.05], "rotation": 90, "texture": "#4"},
				"east": {"uv": [0, 0, 6.9, 0.8], "rotation": 90, "texture": "#4"},
				"south": {"uv": [0, 0, 6.9, 3.05], "rotation": 90, "texture": "#4"},
				"west": {"uv": [0, 0, 6.9, 0.8], "rotation": 90, "texture": "#4"},
				"up": {"uv": [0, 0, 2, 3.5], "texture": "#missing"},
				"down": {"uv": [0, 0, 7.15, 1.05], "texture": "#4"}
			}
		},
		{
			"name": "Trigger",
			"from": [7.4, 4.4, 4.6],
			"to": [8.6, 4.6, 6.5],
			"faces": {
				"north": {"uv": [0, 0, 7.15, 1.05], "texture": "#4"},
				"east": {"uv": [0, 0, 7.15, 1.05], "texture": "#4"},
				"south": {"uv": [0, 0, 7.15, 1.05], "texture": "#4"},
				"west": {"uv": [0, 0, 7.15, 1.05], "texture": "#4"},
				"up": {"uv": [0, 0, 6.9, 3.05], "rotation": 90, "texture": "#4"},
				"down": {"uv": [0, 0, 6.9, 3.05], "rotation": 90, "texture": "#4"}
			}
		},
		{
			"name": "Trigger",
			"from": [7.6, 6.5, 4.6],
			"to": [8.4, 7.7, 4.8],
			"rotation": {"angle": -22.5, "axis": "x", "origin": [8, 8, 8]},
			"faces": {
				"north": {"uv": [0, 8.25, 1.5, 10], "rotation": 90, "texture": "#3"},
				"east": {"uv": [0, 8.25, 1.25, 9.5], "rotation": 90, "texture": "#3"},
				"south": {"uv": [0, 8.25, 1.5, 10], "rotation": 90, "texture": "#3"},
				"west": {"uv": [0, 8.25, 1.25, 9.5], "rotation": 90, "texture": "#3"},
				"up": {"uv": [0, 0, 2, 3.5], "texture": "#missing"},
				"down": {"uv": [0, 8.25, 1.25, 9.5], "texture": "#3"}
			}
		},
		{
			"name": "Trigger",
			"from": [7.61, 5.21, 5.51],
			"to": [8.39, 5.39, 5.89],
			"rotation": {"angle": 22.5, "axis": "x", "origin": [8, 5.4, 5.7]},
			"faces": {
				"north": {"uv": [0, 8.25, 1.25, 9.5], "texture": "#3"},
				"east": {"uv": [0, 8.25, 1.25, 9.5], "texture": "#3"},
				"south": {"uv": [0, 8.25, 1.25, 9.5], "texture": "#3"},
				"west": {"uv": [0, 8.25, 1.25, 9.5], "texture": "#3"},
				"up": {"uv": [0, 8.25, 1.5, 10], "rotation": 90, "texture": "#3"},
				"down": {"uv": [0, 8.25, 1.5, 10], "rotation": 90, "texture": "#3"}
			}
		},
		{
			"name": "Barrel",
			"from": [7.6, 7.6, 26],
			"to": [8.4, 8.4, 30.6],
			"faces": {
				"north": {"uv": [0, 0, 0.8, 0.8], "texture": "#missing"},
				"east": {"uv": [0, 0, 4.4, 2.55], "texture": "#4"},
				"south": {"uv": [5.5, 2.75, 8.25, 5.5], "texture": "#6"},
				"west": {"uv": [0, 0, 4.4, 2.55], "texture": "#4"},
				"up": {"uv": [0, 0, 4.4, 2.55], "rotation": 90, "texture": "#4"},
				"down": {"uv": [0, 0, 4.4, 2.55], "rotation": 90, "texture": "#4"}
			}
		},
		{
			"name": "Trigger",
			"from": [7.41, 4.6, 6.9],
			"to": [8.61, 7.1, 8.4],
			"faces": {
				"north": {"uv": [9, 0, 7, 7.3], "texture": "#1"},
				"east": {"uv": [7.5, 0.5, 14, 7.8], "texture": "#1"},
				"south": {"uv": [9, 0, 7, 7.3], "texture": "#1"},
				"west": {"uv": [14, 0.5, 7.5, 7.8], "texture": "#1"},
				"up": {"uv": [0, 0, 2, 3.5], "texture": "#missing"},
				"down": {"uv": [12.5, 6, 10.5, 9.8], "texture": "#1"}
			}
		},
		{
			"name": "Trigger",
			"from": [7.4, 4.6, 6.5],
			"to": [8.6, 7.1, 6.8],
			"faces": {
				"north": {"uv": [0, 0, 6.9, 3.05], "rotation": 90, "texture": "#4"},
				"east": {"uv": [0, 0, 6.9, 0.8], "rotation": 90, "texture": "#4"},
				"south": {"uv": [0, 0, 6.9, 3.05], "rotation": 90, "texture": "#4"},
				"west": {"uv": [0, 0, 6.9, 0.8], "rotation": 90, "texture": "#4"},
				"up": {"uv": [0, 0, 2, 3.5], "texture": "#missing"},
				"down": {"uv": [0, 0, 7.15, 1.05], "texture": "#4"}
			}
		},
		{
			"name": "Barrel",
			"from": [7.5, 7, 26.5],
			"to": [8.5, 8.7, 28.3],
			"faces": {
				"north": {"uv": [0, 0, 1, 1.7], "texture": "#missing"},
				"east": {"uv": [0, 0, 4.4, 2.55], "texture": "#4"},
				"south": {"uv": [0, 0, 1.9, 2.55], "texture": "#4"},
				"west": {"uv": [0, 0, 4.4, 2.55], "texture": "#4"},
				"up": {"uv": [0, 0, 4.4, 2.55], "rotation": 90, "texture": "#4"},
				"down": {"uv": [0, 0, 4.4, 2.55], "rotation": 90, "texture": "#4"}
			}
		},
		{
			"name": "Barrel",
			"from": [7.7, 8.4, 28.3],
			"to": [8.3, 9, 29.1],
			"faces": {
				"north": {"uv": [0, 0, 0.9, 1.3], "texture": "#4"},
				"east": {"uv": [0, 0, 0.9, 1.3], "texture": "#4"},
				"south": {"uv": [0, 0, 0.9, 1.3], "texture": "#4"},
				"west": {"uv": [0, 0, 0.9, 1.3], "texture": "#4"},
				"up": {"uv": [0, 0, 0.9, 1.3], "texture": "#4"},
				"down": {"uv": [0, 0, 0.6, 0.8], "texture": "#missing"}
			}
		},
		{
			"name": "Cube",
			"from": [7.7, 9, 28.3],
			"to": [8.3, 9.6, 28.4],
			"faces": {
				"north": {"uv": [0, 0, 0.9, 1.3], "texture": "#4"},
				"east": {"uv": [0, 0, 0.9, 1.3], "texture": "#4"},
				"south": {"uv": [0, 0, 0.9, 1.3], "texture": "#4"},
				"west": {"uv": [0, 0, 0.9, 1.3], "texture": "#4"},
				"up": {"uv": [0, 0, 0.6, 0.1], "texture": "#missing"},
				"down": {"uv": [0, 0, 0.6, 0.1], "texture": "#missing"}
			}
		},
		{
			"name": "Barrel",
			"from": [7.7, 9, 29],
			"to": [8.3, 9.6, 29.1],
			"faces": {
				"north": {"uv": [0, 0, 0.9, 1.3], "texture": "#4"},
				"east": {"uv": [0, 0, 0.9, 1.3], "texture": "#4"},
				"south": {"uv": [0, 0, 0.9, 1.3], "texture": "#4"},
				"west": {"uv": [0, 0, 0.9, 1.3], "texture": "#4"},
				"up": {"uv": [0, 0, 0.6, 0.1], "texture": "#missing"},
				"down": {"uv": [0, 0, 0.6, 0.1], "texture": "#missing"}
			}
		},
		{
			"name": "Barrel",
			"from": [7.7, 9.6, 28.3],
			"to": [8.3, 9.7, 29.1],
			"faces": {
				"north": {"uv": [0, 0, 0.9, 1.3], "rotation": 90, "texture": "#4"},
				"east": {"uv": [0, 0, 0.9, 1.3], "rotation": 90, "texture": "#4"},
				"south": {"uv": [0, 0, 0.9, 1.3], "rotation": 90, "texture": "#4"},
				"west": {"uv": [0, 0, 0.9, 1.3], "rotation": 90, "texture": "#4"},
				"up": {"uv": [0, 0, 0.9, 1.3], "texture": "#4"},
				"down": {"uv": [0, 0, 0.9, 1.3], "texture": "#4"}
			}
		},
		{
			"name": "Barrel",
			"from": [7.4, 8.2, 10.8],
			"to": [8.6, 8.8, 26.5],
			"faces": {
				"north": {"uv": [0, 0, 0.8, 0.8], "texture": "#0"},
				"east": {"uv": [0, 2, 15.8, 5.85], "texture": "#0"},
				"south": {"uv": [0, 9, 10.3, 12.1], "texture": "#0"},
				"west": {"uv": [0, 2, 15.8, 5.85], "texture": "#0"},
				"up": {"uv": [0, 0, 15.8, 3.6], "rotation": 90, "texture": "#0"},
				"down": {"uv": [0, 0, 0.8, 13.1], "texture": "#0"}
			}
		},
		{
			"name": "Frame",
			"from": [7.1, 6.6, 20.5],
			"to": [8.9, 9.1, 20.9],
			"faces": {
				"north": {"uv": [0, 0, 6.9, 3.05], "texture": "#4"},
				"east": {"uv": [0, 0, 0.65, 3.05], "texture": "#4"},
				"south": {"uv": [0, 0, 6.9, 3.05], "texture": "#4"},
				"west": {"uv": [0, 0, 0.65, 3.05], "texture": "#4"},
				"up": {"uv": [0, 0, 0.65, 3.05], "rotation": 90, "texture": "#4"},
				"down": {"uv": [0, 0, 0.65, 3.05], "rotation": 90, "texture": "#4"}
			}
		},
		{
			"name": "Hammer",
			"from": [7.2, 8.2, 5],
			"to": [8.8, 8.9, 6.3],
			"faces": {
				"north": {"uv": [0, 0, 6.9, 3.05], "texture": "#4"},
				"east": {"uv": [0, 0, 6.9, 2.3], "rotation": 90, "texture": "#4"},
				"south": {"uv": [0, 0, 2.2, 1], "texture": "#missing"},
				"west": {"uv": [0, 0, 6.9, 2.3], "rotation": 90, "texture": "#4"},
				"up": {"uv": [0, 0, 6.9, 2.3], "texture": "#4"},
				"down": {"uv": [0, 0, 2.2, 1.9], "texture": "#missing"}
			}
		},
		{
			"name": "Hammer",
			"from": [8.4, 7.9, 4.8],
			"to": [8.9, 8.4, 11.2],
			"faces": {
				"north": {"uv": [0, 0, 1.25, 1.25], "texture": "#4"},
				"east": {"uv": [0, 0, 5.65, 1.05], "texture": "#4"},
				"south": {"uv": [0, 0, 1.25, 1.25], "texture": "#4"},
				"west": {"uv": [0, 0, 5.65, 1.05], "rotation": 90, "texture": "#4"},
				"up": {"uv": [0, 0, 5.65, 1.05], "rotation": 90, "texture": "#4"},
				"down": {"uv": [0, 0, 6.4, 1.8], "texture": "#4"}
			}
		},
		{
			"name": "Hammer",
			"from": [7.1, 7.9, 4.8],
			"to": [7.6, 8.4, 11.2],
			"faces": {
				"north": {"uv": [0, 0, 1.25, 1.25], "texture": "#4"},
				"east": {"uv": [0, 0, 5.65, 1.05], "rotation": 90, "texture": "#4"},
				"south": {"uv": [0, 0, 1.25, 1.25], "texture": "#4"},
				"west": {"uv": [0, 0, 6.4, 1.8], "texture": "#4"},
				"up": {"uv": [0, 0, 5.65, 1.05], "rotation": 90, "texture": "#4"},
				"down": {"uv": [0, 0, 6.4, 1.8], "texture": "#4"}
			}
		},
		{
			"name": "Barrel",
			"from": [6.3435, 8, 3.7],
			"to": [8.3435, 8.5, 4.2],
			"faces": {
				"north": {"uv": [0, 0, 4, 2], "texture": "#3"},
				"east": {"uv": [0, 7, 5, 8], "texture": "#1"},
				"south": {"uv": [0, 0, 4, 2], "texture": "#3"},
				"west": {"uv": [0, 7, 5, 8], "texture": "#1"},
				"up": {"uv": [0, 0, 4, 2], "texture": "#3"},
				"down": {"uv": [0, 0, 4, 2], "texture": "#3"}
			}
		},
		{
			"name": "Barrel",
			"from": [7.56, 7.76, 3.56],
			"to": [8.44, 8.64, 10.14],
			"faces": {
				"north": {"uv": [0, 8.25, 1, 10.25], "rotation": 90, "texture": "#3"},
				"east": {"uv": [0, 8.25, 2.5, 10.25], "texture": "#3"},
				"south": {"uv": [0, 8.25, 1, 10.25], "rotation": 90, "texture": "#3"},
				"west": {"uv": [0, 8.25, 2.5, 10.25], "texture": "#3"},
				"up": {"uv": [0, 8.25, 2.5, 10.25], "rotation": 90, "texture": "#3"},
				"down": {"uv": [0, 8.25, 16, 10.25], "rotation": 90, "texture": "#3"}
			}
		},
		{
			"name": "Barrel",
			"from": [5.3, 6.3, 3.55],
			"to": [6.25, 7.1, 4.35],
			"rotation": {"angle": -22.5, "axis": "z", "origin": [5.94194, 6.42669, 2.75]},
			"faces": {
				"north": {"uv": [0, 8.25, 1, 10.25], "rotation": 90, "texture": "#3"},
				"east": {"uv": [0, 8.25, 1, 10.25], "rotation": 90, "texture": "#3"},
				"south": {"uv": [0, 8.25, 1, 10.25], "rotation": 90, "texture": "#3"},
				"west": {"uv": [0, 8.25, 1, 10.25], "rotation": 90, "texture": "#3"},
				"up": {"uv": [0, 8.25, 1, 10.25], "rotation": 90, "texture": "#3"},
				"down": {"uv": [0, 8.25, 1, 10.25], "rotation": 90, "texture": "#3"}
			}
		},
		{
			"name": "Back",
			"from": [6.998, 7.7, -10],
			"to": [8.998, 9, 2.4],
			"rotation": {"angle": -22.5, "axis": "x", "origin": [8, 8, 8]},
			"faces": {
				"north": {"uv": [0, 0, 6.8, 4.6], "rotation": 90, "texture": "#0"},
				"east": {"uv": [0, 2.5, 15.8, 6.1], "texture": "#0"},
				"south": {"uv": [0, 0, 2, 1.3], "texture": "#0"},
				"west": {"uv": [0, 2.5, 15.8, 6.1], "texture": "#0"},
				"up": {"uv": [0, 0, 15.8, 4.6], "rotation": 90, "texture": "#0"},
				"down": {"uv": [0, 0, 15.8, 4.6], "rotation": 90, "texture": "#0"}
			}
		},
		{
			"name": "Barrel",
			"from": [5.91, 6.71, 3.71],
			"to": [6.39, 8.19, 4.19],
			"rotation": {"angle": -22.5, "axis": "z", "origin": [6.8435, 7.3636, 2.75]},
			"faces": {
				"north": {"uv": [0, 0, 4, 2], "rotation": 90, "texture": "#3"},
				"east": {"uv": [0, 0, 4, 2], "rotation": 90, "texture": "#3"},
				"south": {"uv": [0, 0, 4, 2], "rotation": 90, "texture": "#3"},
				"west": {"uv": [0, 0, 4, 2], "rotation": 90, "texture": "#3"},
				"up": {"uv": [0, 7, 5, 8], "rotation": 270, "texture": "#1"},
				"down": {"uv": [0, 7, 5, 8], "rotation": 270, "texture": "#1"}
			}
		},
		{
			"name": "Frame",
			"from": [7, 7.7, 2.4],
			"to": [9, 9, 5.9],
			"rotation": {"angle": -22.5, "axis": "x", "origin": [8, 8, 8]},
			"faces": {
				"north": {"uv": [0, 0, 2, 1.3], "texture": "#0"},
				"east": {"uv": [0, 2.5, 15.8, 6.1], "texture": "#0"},
				"south": {"uv": [0, 0, 2, 1.3], "texture": "#0"},
				"west": {"uv": [0, 2.5, 15.8, 6.1], "texture": "#0"},
				"up": {"uv": [0, 0, 15.8, 4.6], "rotation": 90, "texture": "#0"},
				"down": {"uv": [0, 0, 15.8, 4.6], "rotation": 90, "texture": "#0"}
			}
		},
		{
			"name": "Frame",
			"from": [6.99, 7.69, 3.39],
			"to": [9.01, 9.01, 4.91],
			"rotation": {"angle": -22.5, "axis": "x", "origin": [8, 8, 8]},
			"faces": {
				"north": {"uv": [0, 0, 2, 1.3], "texture": "#0"},
				"east": {"uv": [0, 0, 6.9, 3.05], "rotation": 90, "texture": "#4"},
				"south": {"uv": [0, 0, 2, 1.3], "texture": "#0"},
				"west": {"uv": [0, 0, 6.9, 3.05], "rotation": 90, "texture": "#4"},
				"up": {"uv": [0, 0, 6.9, 3.05], "texture": "#4"},
				"down": {"uv": [0, 0, 6.9, 3.05], "texture": "#4"}
			}
		},
		{
			"name": "Hammer",
			"from": [7.21, 8.21, 10.21],
			"to": [8.79, 8.89, 10.99],
			"faces": {
				"north": {"uv": [0, 0, 6.9, 3.05], "texture": "#4"},
				"east": {"uv": [0, 0, 6.9, 2.3], "rotation": 90, "texture": "#4"},
				"south": {"uv": [0, 0, 6.9, 3.05], "texture": "#4"},
				"west": {"uv": [0, 0, 6.9, 2.3], "rotation": 90, "texture": "#4"},
				"up": {"uv": [0, 0, 6.9, 2.3], "texture": "#4"},
				"down": {"uv": [0, 0, 2.2, 1.9], "texture": "#missing"}
			}
		},
		{
			"name": "Hammer",
			"from": [7, 8, 5.8],
			"to": [9, 9.1, 6.5],
			"faces": {
				"north": {"uv": [0, 0, 6.9, 3.05], "texture": "#4"},
				"east": {"uv": [0, 0, 6.9, 2.3], "rotation": 90, "texture": "#4"},
				"south": {"uv": [0, 0, 6.9, 3.05], "texture": "#4"},
				"west": {"uv": [0, 0, 6.9, 2.3], "rotation": 90, "texture": "#4"},
				"up": {"uv": [0, 0, 6.9, 2.3], "texture": "#4"},
				"down": {"uv": [0, 0, 2.2, 1.9], "texture": "#missing"}
			}
		},
		{
			"name": "Hammer",
			"from": [7.55, 7.35, 4.6],
			"to": [8.45, 8.25, 11.4],
			"faces": {
				"north": {"uv": [0, 0, 1.25, 1.25], "texture": "#4"},
				"east": {"uv": [0, 0, 5.65, 1.05], "rotation": 90, "texture": "#4"},
				"south": {"uv": [0, 0, 1.25, 1.25], "texture": "#4"},
				"west": {"uv": [0, 0, 6.4, 1.8], "texture": "#4"},
				"up": {"uv": [0, 0, 5.65, 1.05], "rotation": 90, "texture": "#4"},
				"down": {"uv": [0, 0, 6.4, 1.8], "texture": "#4"}
			}
		}
	],
	"display": {
		"thirdperson_righthand": {
			"rotation": [180, 0, 180],
			"translation": [-2, 1.6, -1.5],
			"scale": [0.8, 0.8, 0.65]
		},
		"firstperson_righthand": {
			"rotation": [155, -35, 145],
			"translation": [-7.75, 4.75, -1.75]
		},
		"ground": {
			"translation": [0, 3.25, 0],
			"scale": [0.6, 0.6, 0.6]
		},
		"gui": {
			"rotation": [-90, 60, 100],
			"translation": [-1.7, 0.5, 0],
			"scale": [0.08, 0.83, 0.49]
		},
		"fixed": {
			"rotation": [0, 90, 0],
			"translation": [-2, 0, -1.5],
			"scale": [1, 0.85, 0.8]
		}
	}
}